"SNP_ID","Observed_ctrl","Control_pvalue","Observed_crvi","CRVI_pvalue","Chromosome","Basepair","NA","NA","NA","NA"
"4:1000256",-0.240407764290559,0.00115847358158239,-0.216452456152949,0.002364123791746,0.0483523832630442,0.524721963653271,0.0278088540720816,0,"4",1000256
"4:1000476",0.137069446460075,0.037088730849643,0.256197452982472,4.73061133148267e-05,0.113653246147835,0.0906951084805054,0.0486445918012359,0,"4",1000476
"4:1000867",-0.312117981909107,8.1237112422361e-05,-0.347563272278292,4.17675498831649e-06,-0.0813102141098958,0.32391496463218,0.0498945760703737,0,"4",1000867
"4:1001098",-0.139200234067668,0.190116599443308,-0.120625837046476,0.22879044404181,0.0601132667691377,0.577896569322099,0.0316016265043792,0,"4",1001098
"4:1001159",-0.188045965335682,0.0899796318222046,-0.010238154341553,0.92426075452164,0.222606363591405,0.0460476462508026,0.228899647119236,1,"4",1001159
"4:1001832",-0.293268266018025,0.0109176002691589,-0.258419223743972,0.0188441048104138,0.0477327017396437,0.689045368555744,0.0360215257814107,0,"4",1001832
"4:1002639",-0.0870664636920194,0.393090875953064,0.124070762409989,0.210213627464662,0.198125758835309,0.0528254660601513,0.0765060996586775,1,"4",1002639
"4:1002949",-0.209753946240831,0.0330292086611266,-0.165615572369985,0.0804663911450012,0.0330741163878895,0.740796361964715,0.0737782186416976,0,"4",1002949
"4:1004280",-0.233660895293339,0.058408832467524,0.0844579129784109,0.49957752765503,0.319365825561342,0.0119060069416181,0.0477262769395852,1,"4",1004280
"4:1004961",0.0431647729625183,0.645148582047639,0.184741513934344,0.0412471776135148,0.146796276421394,0.12179560397728,0.138735096071279,1,"4",1004961
"4:1005380",-0.0492338171081358,0.609647570537751,-0.222292938111479,0.0167385549324239,-0.227315527541246,0.023256626253578,0.00154720709776974,0,"4",1005380
"4:1005446",-0.0999486314513684,0.198849601684866,0.20161445487905,0.00745700790682458,0.315415955480106,6.70967146503276e-05,0.0728924944136527,1,"4",1005446
"4:1007822",-0.151000136798263,0.162299167287163,-0.26505035049507,0.00966362465072645,-0.122534045221551,0.271616394131999,0.0729992569121905,0,"4",1007822
"4:1008004",-0.178806844404772,0.131215334201599,0.218714378533708,0.0669128857903765,0.367271942809488,0.00257494294925631,0.558432420470771,1,"4",1008004
"4:1008326",-0.127962303691577,0.251364343169453,0.140258746956622,0.19967716555957,0.261243616989572,0.0207234764201212,0.0377299155348529,1,"4",1008326
"4:1008327",-0.363690473689986,0.000530614185309641,-0.342442470636159,0.000435245572715459,0.00733010076517491,0.945842093543573,0.0314379339313924,0,"4",1008327
"4:1008547",0.271183531848972,0.00227338342334948,0.183717207898315,0.0307926701925034,-0.099534438988741,0.267257768820444,0.155552842446408,0,"4",1008547
"4:1008676",-0.138726347873539,0.220215626312326,-0.165962069004182,0.133585711693229,-0.000350461581514275,0.997643992477393,0.239948976781497,0,"4",1008676
"4:1009599",-0.211260395650807,0.0956368579366711,0.0450290871537993,0.719659176594384,0.231611274263297,0.0689382768368871,0.00159151466721981,0,"4",1009599
"4:1011066",0.125654284397044,0.199307607402054,0.325427283954572,0.000579635385855815,0.195373523202917,0.0499223434865326,4.74827950255108e-05,0,"4",1011066
"4:1011256",-0.148073988725896,0.213618019083745,-0.113444747184567,0.309042025624953,-0.0107207863050688,0.931261722949251,0.0355885726809368,0,"4",1011256
"4:1011927",-0.0563446446648939,0.666134204921168,-0.127629459686699,0.319575607497829,-0.0485780658309223,0.718428750147296,0.0506760971624819,0,"4",1011927
"4:1012473",-0.156008272191835,0.271522119921074,-0.271340319054731,0.0488578498709167,-0.0729175552935726,0.627267963706356,0.0401486537807038,0,"4",1012473
"4:1013388",-0.497107804665892,0.00180979558826144,-0.0158082555381392,0.917741985181875,0.481087408921541,0.00178404959317602,0.042689159688091,1,"4",1013388
"4:1014278",-0.584055433277529,6.80046001289014e-07,-0.233046862653181,0.0426544607296755,0.354828857913425,0.00235853540570696,0.0789264430828206,1,"4",1014278
"4:1015417",-0.158667835891674,0.158011666720264,-0.0819516479226145,0.445907399644009,0.0707725486670455,0.543629356932969,0.0455105142975036,0,"4",1015417
"4:1015782",-0.0893530635576578,0.491098649683984,-0.405209499036869,0.00151542372191749,-0.341856353189345,0.0129353030824428,0.0642466878504408,1,"4",1015782
"4:1015942",-0.246744693475828,0.0571800738372297,-0.482209689262078,0.000189469798319131,-0.321055007181303,0.0230622189706338,0.105768382262733,1,"4",1015942
"4:1016473",-0.0846772214266574,0.355948123844618,-0.182808576335149,0.0368883101206958,-0.138351022072358,0.144611831307544,0.00945912086347975,0,"4",1016473
"4:1021235",-0.303108213834038,0.0252434614213768,-0.447391596470932,0.000644238570680411,-0.136428515975975,0.342089342729744,0.00229366654720595,0,"4",1021235
"4:1023289",-0.116501762969515,0.17231984844468,-0.20460837700676,0.0128898622670242,-0.111753038667318,0.202063949066325,0.188285382417542,0,"4",1023289
"4:1023498",-0.294812675643105,0.0162023006589309,-0.256015256936991,0.0259297457531911,0.0502186398620375,0.689985714989626,0.221250305592201,0,"4",1023498
"4:1023850",0.220603608725657,0.0165015551310423,0.310055609826718,0.000469312125392918,0.119849391413927,0.200973164280501,0.152347366209382,0,"4",1023850
"4:1023970",-0.295281794924239,0.000881846371170836,-0.30897006029278,0.000244535616256814,-0.0538742613370693,0.557996854685923,0.200596273165565,0,"4",1023970
"4:1024406",-0.0838920569816702,0.333973774010271,-0.0193151695882304,0.813305157074355,0.0688112005225549,0.432780929412551,0.0321219678792947,0,"4",1024406
"4:1024451",-0.116290064248689,0.216869578397188,-0.0976533384882028,0.278617719242521,0.0477018587193809,0.620044999593967,0.0608397978955921,0,"4",1024451
"4:1024636",-0.52441881317651,4.56399833501653e-05,-0.350691516445527,0.00308336772311679,0.198615140093523,0.146149169811392,0.0355393792015922,0,"4",1024636
"4:1024771",-0.441924288776008,6.7029078542058e-05,-0.400978527246546,0.000193765527184642,0.0349543837673195,0.771189130194392,0.0950874831690153,0,"4",1024771
"4:1024789",-0.205311058530707,0.0753681545451559,0.055259167685653,0.633961553319959,0.285268885552655,0.0174251343811238,0.00612813712874876,0,"4",1024789
"4:1025144",-0.139804848407725,0.198170792076348,-0.225410491519313,0.03052633467004,-0.105907629601618,0.356238955567888,0.0216460328942107,0,"4",1025144
"4:1025762",-0.377768906842694,5.13892326765575e-05,-0.454620920384667,5.70571413671672e-07,-0.0641771652783441,0.522614875836636,0.0151476916488729,0,"4",1025762
"4:1025959",-0.120761470335222,0.189900829214461,-0.271461716841506,0.00239435452054715,-0.139685247846702,0.149029261549197,0.00966462670944599,0,"4",1025959
"4:1026373",-0.196602666576021,0.0898322119991068,-0.214242328801812,0.0486491720998785,-0.00640814140799829,0.956947361910482,0.0443763540492393,0,"4",1026373
"4:1026652",-0.0157349943479287,0.91087639945928,-0.1014847866338,0.458874826688425,-0.0854511332193334,0.541869315768554,0.0160580154020493,0,"4",1026652
"4:1027323",0.0985069229289923,0.41394320277629,0.277678929995653,0.0156147528163348,0.21341869729808,0.0852237133231899,0.00768089726499639,0,"4",1027323
"4:1027469",-0.118202311809693,0.284270947869265,-0.0895097093585153,0.39107029152653,0.0400533489783479,0.727425566584319,0.00107622556814184,0,"4",1027469
"4:1027635",0.0223269610254335,0.833440881739657,-0.168551518209002,0.106905281218565,-0.210207854070307,0.0571841923687793,0.0462228041032498,0,"4",1027635
"4:1028472",0.0698939418962516,0.413754823163926,0.289647992410048,0.000475433563591698,0.207331274033399,0.0162578526235115,0.00228109893617432,0,"4",1028472
"4:1028677",0.150219196312488,0.0570310923383825,0.211118837544763,0.00489336879984203,0.0442014971707419,0.580167292218662,0.182490797745766,0,"4",1028677
"4:1029043",-0.0645756121418501,0.462825711557338,-0.241170608518547,0.00505405893009225,-0.189698400953055,0.0376568584926047,0.0615422078192221,1,"4",1029043
"4:1029704",-0.144006985744439,0.173120229612546,-0.342427568505148,0.000876161537451958,-0.186779321723196,0.0897939121956857,0.0107523473168163,0,"4",1029704
"4:1029888",0.023619910925061,0.793616772897385,0.0398461598760133,0.654186536649086,0.014688360033355,0.87116119418284,0.0754076369555923,0,"4",1029888
"4:1030460",0.192106110119306,0.00654980504458336,0.297708545975455,1.50522789341689e-05,0.109536648308069,0.132012256866088,0.0194196337581813,0,"4",1030460
"4:1031464",0.102110761243362,0.220420149938036,0.273606388080849,0.000672189159187653,0.183345358929654,0.0286404275321133,0.0298191493563472,1,"4",1031464
"4:1038868",-0.277495825812338,0.00139808673224828,-0.341958856325215,3.67345649621154e-05,-0.0848403279228269,0.348348552817258,0.0701840930237016,0,"4",1038868
"4:1039263",-0.322212871716882,0.0468918624965187,-0.074054429481534,0.630736479239624,0.264001103104241,0.112319769885557,0.0267286995609075,0,"4",1039263
"4:1040075",-0.0834854502031684,0.40934882249228,0.165956335011351,0.0853482192010568,0.228452756242926,0.0274352011770567,0.0802982267764188,1,"4",1040075
"4:1040706",0.162732440307303,0.0230093638847317,0.274046132758852,6.09599885077472e-05,0.115711211498907,0.107300553982717,0.0150601954656767,0,"4",1040706
"4:1042289",0.171313472124014,0.133884639790449,0.407634955947484,0.000202429875995502,0.248283027499459,0.0292140781597705,0.0796698749174698,1,"4",1042289
"4:1042769",-0.165908826631236,0.0834375203386559,-0.21145412904493,0.0224750161209684,-0.0349920127128987,0.722984751380742,0.144332300991885,0,"4",1042769
"4:1043677",0.227961491144225,0.0545584667179084,0.243270856734634,0.0321517781399905,0.0194610665938228,0.869710034562802,0.0644495907682724,0,"4",1043677
"4:1044111",0.00579036492359137,0.956034999679385,-0.0350310469924476,0.729487731893301,-0.00615647306038249,0.953240500797675,0.00430457903176038,0,"4",1044111
"4:1044701",-0.0810325901879792,0.528862537131545,-0.0070159304271473,0.953867275033685,0.106672220396223,0.401908886157176,0.103198657674198,0,"4",1044701
"4:1044921",-0.0249382053632681,0.827763297149093,0.216185231997428,0.046150554967322,0.241427299812718,0.0383537344333365,0.0838526870190637,1,"4",1044921
"4:1045046",-0.03266475908562,0.707433461594246,0.213367251237022,0.00976876210423927,0.242573649279005,0.00675408647107334,0.123891158732083,1,"4",1045046
"4:1046376",-0.282957880883695,0.0190347633883767,0.0668047937447281,0.590250252173366,0.340189804834507,0.00629041181082335,0.0945114634314012,1,"4",1046376
"4:1048494",0.107074700461384,0.258385217025141,0.323520772892553,0.000365163245918509,0.174054601527746,0.0696754585371229,0.00783182178031487,0,"4",1048494
"4:1048998",0.336987116571456,0.000235854279116099,0.249594636878533,0.00537673303199293,-0.104764178873343,0.261151725294719,0.154733053887705,0,"4",1048998
"4:1049845",-0.0292024400231264,0.748483332709436,0.261639066500221,0.00229357518501261,0.261962186676383,0.00371391822556766,0.201600251380698,1,"4",1049845
"4:1050232",0.0818833069980995,0.300325971242096,0.318913316087319,2.49477804576959e-05,0.219153174787762,0.00651149797186656,0.0942095966974274,1,"4",1050232
"4:105031",-0.469339261103039,0.00087813317216634,-0.269480335963113,0.0405384629734868,0.236036195578833,0.117405113117385,0.0206885388918934,0,"4",105031
"4:1050427",0.118581888349476,0.217691909802068,0.248056312985806,0.00729418153529382,0.0835309040340437,0.390119802460105,0.00546115598809398,0,"4",1050427
"4:1050765",0.0143495617797514,0.869571866298505,0.125995261330614,0.134030299057472,0.103278716385747,0.25196221353263,0.0926991074052017,0,"4",1050765
"4:1051321",-0.272715107101826,0.030875357876851,0.190910391868718,0.138000578017361,0.487102184911168,0.000225444940557651,0.0675799370185192,1,"4",1051321
"4:1051506",-0.148023896606971,0.257022177682495,0.182910049534864,0.170128139441656,0.331491930427909,0.0145317952259143,0.0873166872526909,1,"4",1051506
"4:1052197",-0.0549701705750408,0.627221354682745,0.00126436780670489,0.990916726140627,0.000816409443934209,0.994459339561872,0.104451798254023,0,"4",1052197
"4:1054215",-0.152108467428861,0.110565559895301,0.293886042904827,0.00135045316915106,0.406005979228576,2.59176153596385e-05,0.124093804683503,1,"4",1054215
"4:1054601",0.359836330575839,0.0166977487242774,0.672801931559536,4.42826284841047e-06,0.309503045605901,0.0280206082491776,0.0151095570034208,0,"4",1054601
"4:1055794",-0.102260669827315,0.321606899040566,-0.193103404673876,0.0477438305787257,-0.128231042759652,0.227502147535946,0.0362523624303332,0,"4",1055794
"4:1055983",-0.222046802961809,0.0231645395165256,0.125339942256258,0.181491931454934,0.37515793348065,0.000143031675061911,0.00918164223227262,1,"4",1055983
"4:1057445",0.13598782630439,0.161331179142929,0.390644362886358,2.5089283871127e-05,0.192747820454051,0.0496665186816583,0.00972325004564236,0,"4",1057445
"4:105868",0.0030840628988161,0.979682828078008,0.0283632558237211,0.808193485452143,0.0249784384965052,0.839935638196742,0.326206833385659,0,"4",105868
"4:1060027",0.162957009538327,0.0693165489270156,0.312268357686369,0.000254037822763564,0.160792942387141,0.0816722847309634,0.309859989949942,1,"4",1060027
"4:106816",-0.0440571048375395,0.644312774379483,0.215256690975775,0.0178457780596954,0.255741297956875,0.00845175948277466,0.0224219715974256,1,"4",106816
"4:1074838",0.0713190411634152,0.445448481414348,0.326920209926086,0.000417511389626535,0.276873843836277,0.00460413292392703,0.043745146057666,1,"4",1074838
"4:1080658",-0.235224899751893,0.0583037484867335,0.182519003893807,0.147791519297796,0.43231110343528,0.000792224195317548,0.0791953691760332,1,"4",1080658
"4:1082304",-0.505409986059063,0.000130452552177251,-0.0812941713872898,0.544566053213723,0.45516970544978,0.000509012820464783,0.221908113738265,1,"4",1082304
"4:1085763",-0.173272400341644,0.18291464739561,0.257059913428963,0.0553501740640039,0.396202793557137,0.00387945222738773,0.130452376297937,1,"4",1085763
"4:1091350",-0.224058748374076,0.0683577861639013,0.145565829781688,0.240870969769519,0.387894709794719,0.00240393023258245,0.258776492913536,1,"4",1091350
"4:109303",-0.0232950541064212,0.843806280207986,0.220612912781538,0.0629681425393414,0.214932544060699,0.0840635957946629,0.0167926606985615,0,"4",109303
"4:1093677",-0.0349441416050225,0.773759412559559,0.0447984956959085,0.711346955172321,0.0860293742529228,0.49175916835938,0.0576631143399657,0,"4",1093677
"4:1100245",-0.0392604988827105,0.761554866908276,0.10112688210538,0.419466948055042,0.141051573636083,0.288334064823407,0.0410407820236448,0,"4",1100245
"4:1102144",-0.0288681901362145,0.814840627576345,0.283856983530853,0.0226130625892069,0.321510435296105,0.0127557252914756,0.0634254821624809,1,"4",1102144
"4:110828",-0.230555364169733,0.130224161776064,-0.0695871891618743,0.645316757981509,0.136922593872074,0.384858346027831,0.076992298194415,0,"4",110828
"4:1109993",0.0463414567879299,0.708899894336659,0.21931853408899,0.0771643685406587,0.194586937995695,0.129581821578105,0.239994866989076,1,"4",1109993
"4:1111088",-0.124672952353623,0.323052468068406,0.13445913678522,0.283676605923928,0.23629787960514,0.0665921289920173,0.206123250005835,1,"4",1111088
"4:111386",-0.0142171027561276,0.905628515647788,0.0903942692225893,0.421503179627168,0.120355064996627,0.308780323089263,0.0236279914393192,0,"4",111386
"4:1114767",-0.113651986295695,0.20441088250621,-0.178944130917521,0.0376364293807148,-0.0886250792287937,0.332566863703985,0.0493088710192317,0,"4",1114767
"4:1115591",-0.104795032369187,0.363741819661552,0.259036454909624,0.0267358027838049,0.310824276096515,0.010517893796957,0.101610227486371,1,"4",1115591
"4:1116126",0.0284712066126134,0.834303048758181,0.263955213792603,0.0364439065174618,0.229767120892087,0.0876080199037113,0.0245789727064024,0,"4",1116126
