"SNP","Observed_ctrl","Control_pvalue","Observed_crvi","CRVI_pvalue","Chromosome","Basepair","Control_FDR_Adj_p-value","CRVI_FDR_Adj_p-value","NA","NA","NA","NA"
"4:1000476",0.137069446460075,0.037088730849643,0.256197452982472,4.73061133148267e-05,0.113653246147835,0.0906951084805054,0.0486445918012359,0,"4",1000476,0.142648964806319,0.000591326416435334
"4:1001832",-0.293268266018025,0.0109176002691589,-0.258419223743972,0.0188441048104138,0.0477327017396437,0.689045368555744,0.0360215257814107,0,"4",1001832,0.0682350016822431,0.0459612312449117
"4:1005380",-0.0492338171081358,0.609647570537751,-0.222292938111479,0.0167385549324239,-0.227315527541246,0.023256626253578,0.00154720709776974,0,"4",1005380,0.762059463172189,0.0429193716215997
"4:1005446",-0.0999486314513684,0.198849601684866,0.20161445487905,0.00745700790682458,0.315415955480106,6.70967146503276e-05,0.0728924944136527,1,"4",1005446,0.367366916563393,0.0219323761965429
"4:1007822",-0.151000136798263,0.162299167287163,-0.26505035049507,0.00966362465072645,-0.122534045221551,0.271616394131999,0.0729992569121905,0,"4",1007822,0.352824276711224,0.0271354502895535
"4:1011066",0.125654284397044,0.199307607402054,0.325427283954572,0.000579635385855815,0.195373523202917,0.0499223434865326,4.74827950255108e-05,0,"4",1011066,0.367366916563393,0.00289817692927907
"4:1015782",-0.0893530635576578,0.491098649683984,-0.405209499036869,0.00151542372191749,-0.341856353189345,0.0129353030824428,0.0642466878504408,1,"4",1015782,0.629613653441005,0.00606169488766996
"4:1015942",-0.246744693475828,0.0571800738372297,-0.482209689262078,0.000189469798319131,-0.321055007181303,0.0230622189706338,0.105768382262733,1,"4",1015942,0.182527601461012,0.00168691563329585
"4:1021235",-0.303108213834038,0.0252434614213768,-0.447391596470932,0.000644238570680411,-0.136428515975975,0.342089342729744,0.00229366654720595,0,"4",1021235,0.109754180092943,0.00305540526903479
"4:1023289",-0.116501762969515,0.17231984844468,-0.20460837700676,0.0128898622670242,-0.111753038667318,0.202063949066325,0.188285382417542,0,"4",1023289,0.360667145026138,0.0348374655865519
"4:1023850",0.220603608725657,0.0165015551310423,0.310055609826718,0.000469312125392918,0.119849391413927,0.200973164280501,0.152347366209382,0,"4",1023850,0.0878828880225126,0.00250228191364052
"4:1025959",-0.120761470335222,0.189900829214461,-0.271461716841506,0.00239435452054715,-0.139685247846702,0.149029261549197,0.00966462670944599,0,"4",1025959,0.367366916563393,0.00855126614481125
"4:1027323",0.0985069229289923,0.41394320277629,0.277678929995653,0.0156147528163348,0.21341869729808,0.0852237133231899,0.00768089726499639,0,"4",1027323,0.551924270368387,0.0410914547798284
"4:1028472",0.0698939418962516,0.413754823163926,0.289647992410048,0.000475433563591698,0.207331274033399,0.0162578526235115,0.00228109893617432,0,"4",1028472,0.551924270368387,0.00250228191364052
"4:1028677",0.150219196312488,0.0570310923383825,0.211118837544763,0.00489336879984203,0.0442014971707419,0.580167292218662,0.182490797745766,0,"4",1028677,0.182527601461012,0.0163034159035234
"4:1029043",-0.0645756121418501,0.462825711557338,-0.241170608518547,0.00505405893009225,-0.189698400953055,0.0376568584926047,0.0615422078192221,1,"4",1029043,0.601072352671868,0.0163034159035234
"4:1029704",-0.144006985744439,0.173120229612546,-0.342427568505148,0.000876161537451958,-0.186779321723196,0.0897939121956857,0.0107523473168163,0,"4",1029704,0.360667145026138,0.00380939798892156
"4:1031464",0.102110761243362,0.220420149938036,0.273606388080849,0.000672189159187653,0.183345358929654,0.0286404275321133,0.0298191493563472,1,"4",1031464,0.367366916563393,0.00305540526903479
"4:1040706",0.162732440307303,0.0230093638847317,0.274046132758852,6.09599885077472e-05,0.115711211498907,0.107300553982717,0.0150601954656767,0,"4",1040706,0.105293361438753,0.000677333205641635
"4:1042289",0.171313472124014,0.133884639790449,0.407634955947484,0.000202429875995502,0.248283027499459,0.0292140781597705,0.0796698749174698,1,"4",1042289,0.311359627419649,0.00168691563329585
"4:1045046",-0.03266475908562,0.707433461594246,0.213367251237022,0.00976876210423927,0.242573649279005,0.00675408647107334,0.123891158732083,1,"4",1045046,0.824302202717045,0.0271354502895535
"4:1048494",0.107074700461384,0.258385217025141,0.323520772892553,0.000365163245918509,0.174054601527746,0.0696754585371229,0.00783182178031487,0,"4",1048494,0.410135265119271,0.00243442163945673
"4:1049845",-0.0292024400231264,0.748483332709436,0.261639066500221,0.00229357518501261,0.261962186676383,0.00371391822556766,0.201600251380698,1,"4",1049845,0.860325669780961,0.00855126614481125
"4:1050232",0.0818833069980995,0.300325971242096,0.318913316087319,2.49477804576959e-05,0.219153174787762,0.00651149797186656,0.0942095966974274,1,"4",1050232,0.455039350366812,0.00041815473118545
"4:1050427",0.118581888349476,0.217691909802068,0.248056312985806,0.00729418153529382,0.0835309040340437,0.390119802460105,0.00546115598809398,0,"4",1050427,0.367366916563393,0.0219323761965429
"4:1054215",-0.152108467428861,0.110565559895301,0.293886042904827,0.00135045316915106,0.406005979228576,2.59176153596385e-05,0.124093804683503,1,"4",1054215,0.276413899738252,0.00562688820479608
"4:1054601",0.359836330575839,0.0166977487242774,0.672801931559536,4.42826284841047e-06,0.309503045605901,0.0280206082491776,0.0151095570034208,0,"4",1054601,0.0878828880225126,0.000147608761613682
"4:1057445",0.13598782630439,0.161331179142929,0.390644362886358,2.5089283871127e-05,0.192747820454051,0.0496665186816583,0.00972325004564236,0,"4",1057445,0.352824276711224,0.00041815473118545
"4:1060027",0.162957009538327,0.0693165489270156,0.312268357686369,0.000254037822763564,0.160792942387141,0.0816722847309634,0.309859989949942,1,"4",1060027,0.203872202726516,0.0018145558768826
"4:106816",-0.0440571048375395,0.644312774379483,0.215256690975775,0.0178457780596954,0.255741297956875,0.00845175948277466,0.0224219715974256,1,"4",106816,0.777287448250168,0.0446144451492385
"4:1074838",0.0713190411634152,0.445448481414348,0.326920209926086,0.000417511389626535,0.276873843836277,0.00460413292392703,0.043745146057666,1,"4",1074838,0.586116422913616,0.00250228191364052
