"SNP_ID","Observed_ctrl","Control_pvalue","Observed_crvi","CRVI_pvalue","Chromosome","Basepair","Control_FDR_Adj_p-value","CRVI_FDR_Adj_p-value"
"2R:19204275",-0.2365176732726,0,0.0593785965412539,5.61149319819876e-05,"2R",19204275,0,0.0179889765605924
"2R:19460340",0.707914241050858,8.14350456579405e-06,0.749807919459753,2.1566350461022e-06,"2R",19460340,0.00788822770712821,0.00129906089995899
"2R:19500114",0.570900155887649,1.21128636254575e-06,0.765518851423983,2.44249065417534e-15,"2R",19500114,0.0017032212805314,1.0120142360606e-11
"2R:19600001",-0.717208157464544,4.54442995390103e-06,-0.895379390814877,3.56328877515466e-09,"2R",19600001,0.00494303645560868,5.18088455151559e-06
"2R:19643940",0.86916743897686,0,0.756226354050671,0,"2R",19643940,0,0
"3L:10023943",0.558463170700738,3.10133769858556e-05,0.558596567809049,1.53464330745479e-05,"3L",10023943,0.0206987724986892,0.00652066939367822
"3L:10044277",0.641454258747513,6.47251243657276e-05,0.574991557560878,0.00010704429649655,"3L",10044277,0.0336449928218629,0.0285558886719823
"3L:10094228",0.16952067857897,6.89259094244221e-10,0.518703922557421,0,"3L",10094228,2.09348723106585e-06,0
"3L:10211917",0.391319536926498,1.19904086659517e-14,0.894833326741957,0,"3L",10211917,6.1832812251656e-11,0
"3L:10427885",-0.626623263535092,2.17344349262572e-05,-0.707997797598172,6.03211964156358e-07,"3L",10427885,0.016193857185676,0.000444839655908611
"3L:10431641",-0.750827915349771,2.6283933931559e-06,-0.716390965455325,1.86688487979758e-06,"3L",10431641,0.00318788539660631,0.00114940178858383
"3L:10440778",-0.849742972479028,1.08286873023999e-07,-0.701334457152452,5.82416928529561e-06,"3L",10440778,0.000200569393912717,0.00294621172632869
"3L:10441072",-0.653720588315571,0,0.224472218645695,0,"3L",10441072,0,0
"3L:10572662",0.536391255355382,9.0228741838061e-05,0.596368758653896,1.35312963143175e-05,"3L",10572662,0.0413031607652517,0.00587123110895383
"3L:10650178",0.392774050683397,0,0.567069023027239,0,"3L",10650178,0,0
"3L:9603221",0.625727864334553,3.37904250757859e-06,0.952219683829096,4.16422452076404e-11,"3L",9603221,0.0039383866773331,9.59784125130941e-08
"3L:9642255",-0.110392242195143,0,0.426418777625775,0,"3L",9642255,0,0
"3L:9947901",0.153204699164482,1.39357414496999e-10,0.22027989697229,5.92369646033042e-05,"3L",9947901,4.73420913666789e-07,0.0186807012488087
"3L:16536072",0.563990370112524,7.56527075673752e-06,0.67396425711979,2.91959854070711e-08,"3L",16536072,0.00742850517019414,3.16129455101885e-05
"3L:16559073",-0.648262834473583,1.02753889723584e-05,-0.746927525076896,1.14914191051696e-07,"3L",16559073,0.00938421756900277,0.000108382680116354
"3L:16828732",-0.283877201172673,0,-0.123215568051344,0.000132627157992671,"3L",16828732,0,0.0330095641425766
"3L:16846869",0.603768620100602,1.03347165136825e-05,0.823917475128412,2.7590254525478e-09,"3L",16846869,0.00941290444873845,4.15478512912315e-06
"3L:17109393",0.661649512721738,1.17185000392261e-06,0.502922885995394,0.000101522101046747,"3L",17109393,0.00166663809198758,0.0274298328671735
"3L:17312656",0.662043499528472,8.877700190979e-06,0.690624591605207,1.61529964648466e-06,"3L",17312656,0.00843973757293676,0.00101655103819064
"2L:4636309",0.152016782059465,6.37975128281454e-07,0.148861934668527,3.58207419282053e-08,"2L",4636309,0.000956440819459581,3.81521772308519e-05
"2L:4819622",0.745634529231576,0,0.382593042690096,8.78699705531005e-06,"2L",4819622,0,0.00410864047634534
"2L:5003207",-0.445644761314243,2.70548271550375e-05,-0.39902748540059,9.38328748782968e-05,"2L",5003207,0.0189015411980627,0.026010283468308
"2R:8273957",-0.905167510712706,1.35158551017867e-09,-0.71966518084134,9.42390973035501e-07,"2R",8273957,3.82469107178933e-06,0.000646077774088774
"2R:8330934",-2.3194795263642,0,1.18338903612243,0,"2R",8330934,0,0
"2R:8403802",-0.498527834007634,2.68461549275401e-05,0.519519998847594,0.000204582282764987,"2R",8403802,0.0188291628087334,0.0442810462365979
"2R:8722822",-18.338027893696,0,-18.1798497443078,0,"2R",8722822,0,0
"2L:18263619",-0.804938093720265,5.37761690733163e-08,-0.746567662888739,2.67550638310965e-07,"2L",18263619,0.000107650988336124,0.000224568033013132
"2L:18629763",0.523988836677447,0.000122642059720901,0.550807105148353,3.34681793576763e-05,"2L",18629763,0.0496502256216095,0.0120010462071638
"2L:18842885",0.648792144485878,8.49418770343391e-06,1.16183539220809,2.83462142647295e-12,"2L",18842885,0.00812905103923169,8.22617466542546e-09
"2L:18903209",-0.70807369639395,1.318217356161e-06,-0.733230064092427,1.81966057555272e-07,"2L",18903209,0.0018101573861078,0.000161427990041821
"2L:17033460",-0.444463367129567,0,-0.280627051506313,0,"2L",17033460,0,0
"2L:17542308",-0.807976933641088,3.09839343071161e-08,-0.747009403781507,1.3158935052715e-07,"2L",17542308,6.51301380150843e-05,0.00012205189306912
"3R:25304310",-0.670432435031822,1.96053285161923e-07,-0.531196338235144,3.87714977498899e-05,"3R",25304310,0.000343598002356777,0.0135172791350264
"3R:25430202",-0.85045666508086,9.63354618299661e-09,-0.773409683619462,9.57770356357912e-08,"3R",25430202,2.26405075561001e-05,9.2649482422189e-05
"3R:25644696",0.510635482732372,8.89915854160872e-05,0.739364051032149,2.34774315543973e-08,"3R",25644696,0.0409694511246034,2.60506089326419e-05
"3R:26187709",0.736907998415295,1.60186730435719e-06,1.14013351061937,2.06996642049262e-11,"3R",26187709,0.00212240903764352,5.1519379864874e-08
"3R:26266773",-0.633976391969301,1.92329949313397e-05,-0.608233537226725,2.28456025592738e-05,"3R",26266773,0.0147921335469625,0.0088326841700621
"3L:15348998",-0.789562645239644,1.09617270593887e-07,-0.767737549836914,9.5733734051251e-08,"3L",15348998,0.000202510279416263,9.2649482422189e-05
"3L:15357010",-0.795693762863104,2.03925498709623e-09,-0.861257112742578,1.09688480520731e-10,"3L",15357010,5.51601544345486e-06,2.31250093831475e-07
"3L:15394203",-0.871038221944447,1.05586406284885e-08,-0.57576997026388,0.000107693475475568,"3L",15394203,2.45729392156573e-05,0.0286970283648006
"3L:15403047",-0.306289155911922,2.89501709049844e-07,0.232859719475947,8.08917699484102e-05,"3L",15403047,0.000483719565389406,0.0233333856637144
"3L:15895611",-0.905182392972474,9.18966458485215e-10,-0.702061297815236,1.48829501456227e-06,"3L",15895611,2.69966358336712e-06,0.00094743723918586
"3L:15895719",-0.153497415024441,1.13642495414013e-09,-0.0571320085049806,3.30210779595497e-05,"3L",15895719,3.28464845323592e-06,0.0118644650349068
"3L:16083534",-0.354072524835584,0,-0.225344013693852,5.38444927258297e-05,"3L",16083534,0,0.0174012145713945
"3L:11851793",0.602624067800891,6.25028047991361e-05,0.606530632561915,5.95984812326034e-05,"3L",11851793,0.0327501447283883,0.0187570537257593
"3L:12029862",-0.151988343142688,0,0.0926206315138485,0,"3L",12029862,0,0
"3L:12159974",0.629213308051503,1.15396492361697e-09,1.51895433225757,0,"3L",12159974,3.32194987607797e-06,0
"3L:12550292",0.580111933117613,4.04703575100918e-05,0.56571503628686,3.67976017527916e-05,"3L",12550292,0.0246208071692997,0.0129424098769413
"3L:12569233",-0.776770162696028,1.28817134292802e-07,-0.72013804252171,5.45275516072863e-07,"3L",12569233,0.000234952947360009,0.000409272382981755
"3L:12578463",0.539978517179176,1.72099331503528e-05,0.857697233393448,9.10382880192628e-14,"3L",12578463,0.0136920413327776,3.24659293368516e-10
"3L:12584683",-0.318374635167879,2.24873880831922e-05,0.247061016437629,0.000107760456024453,"3L",12584683,0.0166347030342584,0.0287042059307677
"4:1033429",-3.0740937388476,3.78586051397178e-13,-4.17561726869049,4.93615970320604e-09,"4",1033429,1.7853395881556e-09,6.83766447785326e-06
"4:1033465",-4.57590747379604,5.92017595146821e-06,-3.82385150439827,1.01489410431199e-07,"4",1033465,0.00611469723708972,9.71267207814616e-05
"4:248402",0.603000402140383,1.73424073963702e-05,0.865733150697599,1.64583480177782e-09,"4",248402,0.0137816958413973,2.68122573504261e-06
"4:724461",-0.769095823532505,7.51270556875738e-09,-1.02106821769189,0,"4",724461,1.79504329660067e-05,0
"2R:24895486",0.916565219311136,4.39583258682319e-10,0.722256044676629,5.38165660923795e-07,"2R",24895486,1.36997651553592e-06,0.000404783588926715
"2R:24990161",0.738562843183821,4.64034920546474e-05,0.67340083094161,2.41737141415399e-09,"2R",24990161,0.0267595835199094,3.76467962893409e-06
"2R:25032325",0.918666164321601,1.12740214941454e-08,0.77569966154933,6.31448046295446e-07,"2R",25032325,2.59847344986106e-05,0.000462805576614228
"3L:402467",-0.703793015292039,1.63971470068525e-06,-0.877175530820421,3.12832204585334e-10,"3L",402467,0.00214480367991841,6.11005620554172e-07
"3L:541379",0.907735561244531,4.61066740342631e-11,0.541423328887156,5.76495845785452e-05,"3L",541379,1.68619399325418e-07,0.0183577943912283
"3L:19848564",-18.1141156478929,0,-17.5181643242021,0,"3L",19848564,0,0
"3L:20030560",0.701649977216119,2.02150609585061e-08,0.498267491430302,6.27226414757764e-05,"3L",20030560,4.41774888421953e-05,0.019488416808739
"3L:20261528",-0.184022382917531,0,-0.184813971486072,0,"3L",20261528,0,0
"3L:20657760",-0.651337841727121,2.18168538790309e-08,-0.787333093437406,1.3988810110277e-14,"3L",20657760,4.71035732260572e-05,5.47935576692726e-11
"3R:15367522",0.583369662112269,2.33829462497059e-05,0.788443310920155,1.18683296523869e-08,"3R",15367522,0.0171555435216253,1.44373201487252e-05
"3R:16047441",0.742675868928035,1.33226762955019e-15,0.813254528544484,0,"3R",16047441,7.34594948972665e-12,0
"3R:16186700",0.981060737388403,2.44249065417534e-15,0.647246938593544,1.16813891892775e-10,"3R",16186700,1.32635199120064e-11,2.45549994576002e-07
"3R:10846463",0.942735450321696,2.68623345789365e-10,1.05785314946526,1.14908083048704e-12,"3R",10846463,8.63453005075579e-07,3.62847835478239e-09
"3R:11199314",0.600918322058021,7.02253347331094e-05,0.639412666025604,2.02711129304589e-05,"3R",11199314,0.0353992479695478,0.00806348199883004
"2L:11439185",0.858828307305449,3.56238219145766e-07,0.564033538136763,0.000230895885202864,"2L",11439185,0.000584330947822294,0.0478205325631518
"2L:11623193",0.347523396356261,0,0.587642336070273,0,"2L",11623193,0,0
"2L:11713573",0.920083353742734,4.9737991503207e-14,-1.07225184049457,0,"2L",11713573,2.49317073590722e-10,0
"2L:11769351",0.153293692384595,0.000119204412169616,0.35196056935029,0,"2L",11769351,0.0489472132949215,0
"2L:12052905",0.716076211947241,2.87196932902134e-10,0.663897311440226,3.77986530963881e-12,"2L",12052905,9.18878267422862e-07,1.0667003124193e-08
"2L:12107800",0.113992043281438,9.07344759992768e-07,-0.112363137683668,5.73195321273978e-06,"2L",12107800,0.00131924431236733,0.00290777159147312
"2L:12258988",-0.705248436117745,1.21917121420623e-06,-0.59406562977511,2.53219450090381e-05,"2L",12258988,0.00171018705255708,0.00960362230069499
"3R:26432774",0.373981033715179,8.41823136532582e-07,0.394755613339197,3.5294550415621e-07,"3R",26432774,0.00123147214231829,0.000284580873133503
"3R:26580483",0.863401598463157,0,0.851851114666781,0,"3R",26580483,0,0
"3R:26591701",0.860601863409064,2.68458032914864e-07,0.703925086492428,6.06210651099559e-06,"3R",26591701,0.00045278005498229,0.00303657311907839
"3R:26973352",0.851884245841017,4.38461045249028e-10,0.879746768482426,2.18047802036381e-13,"3R",26973352,1.36997651553592e-06,7.47834060493225e-10
"3R:26975299",0.742850108500833,6.88078859290009e-06,0.914141557815582,2.98468272319496e-08,"3R",26975299,0.00689355362184329,3.21997426161128e-05
"3R:27005101",0.7207171568183,3.26947962703272e-07,1.4593444253169,0,"3R",27005101,0.000541240832585666,0
"3R:27130151",-0.941234488876354,8.43591863031179e-12,-0.577961692487158,2.57550091045111e-05,"3R",27130151,3.43573396702465e-08,0.00974723748212295
"3R:27248410",0.603426140449744,4.92038332946532e-05,0.916245169730211,1.3442966739774e-09,"3R",27248410,0.0278369813078984,2.23572131971467e-06
"3R:27384738",0.57284761380834,1.19905617403937e-05,0.595427956097246,3.22097764016149e-06,"3R",27384738,0.010494347530158,0.00180940943213219
"2L:3446266",0.360536810956152,1.45461420686388e-12,0.689452452129205,0,"2L",3446266,6.55768444857013e-09,0
"2L:3597646",-0.707720444246033,5.9668842045113e-07,-0.603767753527832,1.16722870533437e-05,"2L",3597646,0.000900437999672908,0.00519027939001112
"2L:3626262",0.300578952858284,7.88871064028029e-08,0.576642167566344,0,"2L",3626262,0.000152416481215225,0
"2L:3754998",0.61093399138881,1.51483586026124e-05,0.928848638239578,1.52009516085627e-10,"2L",3754998,0.0125821424002646,3.12208817073713e-07
"2L:3918773",0.911130696018346,3.35163943265826e-08,0.623926717077187,3.9108748693728e-05,"2L",3918773,6.96366724709489e-05,0.0136002687582433
"3L:5197096",-0.610077466748087,8.51153922647452e-05,-0.553386444700667,0.000202371756621744,"3L",5197096,0.0400591495364717,0.0439577825035564
"3L:5645471",0.103065797862252,8.42200290835926e-05,0.233617291116261,0,"3L",5645471,0.0396904467503001,0
"3L:5742117",0.532255608315961,0.000107891251589276,0.934718270460464,4.06785716222657e-13,"3L",5742117,0.045815623704353,1.34993158215532e-09
"3L:5742234",0.703263360407634,2.02062810927828e-11,0.600600813677816,1.33486333098176e-10,"3L",5742234,7.71352699597542e-08,2.78149430301662e-07
"3L:5891003",0.715235308182727,4.92039466726268e-07,0.901060136902737,2.38726149959234e-10,"3L",5891003,0.000782029636070486,4.72706133892897e-07
"3L:5919630",-0.402210845296334,4.67403893367191e-13,0.227803171632046,1.93203986367241e-05,"3L",5919630,2.18978113057047e-09,0.00779342695779389
"3L:5974563",0.527316820927892,2.92581434413464e-06,0.575438282055196,1.88593391836633e-06,"3L",5974563,0.00349538749886457,0.00115739990623865
"3L:6028938",-0.867072456385038,2.84205148304295e-09,-0.830564622197088,2.56790233521542e-09,"3L",6028938,7.46223820219647e-06,3.94995729096442e-06
"3L:6202221",0.977770936289914,7.19145631933316e-10,0.789798725328638,1.04354959340469e-07,"3L",6202221,2.15684412722467e-06,9.96031263916461e-05
"3L:6203544",-0.95842783075224,7.49384998499636e-11,-0.838384728651461,6.47996678537766e-09,"3L",6203544,2.68580707539767e-07,8.61717566214168e-06
"2L:7911739",0.517585349047019,2.3964163986534e-10,0.339909904734477,5.90537972975369e-05,"2L",7911739,7.84364595344271e-07,0.018645591014962
"2L:7961102",0.593874446567927,1.29931636276837e-05,0.493166691133833,0.00015869529580459,"2L",7961102,0.011207627759103,0.0372595034780929
"2L:7991693",0.677057356849807,6.76422533540944e-08,1.31330640563817,0,"2L",7991693,0.000132475874674795,0
"2L:8001443",-0.746939321168852,5.17268727939779e-06,-0.714313238517685,4.37812394782355e-06,"2L",8001443,0.00545264376460908,0.00232773757609433
"2L:8013674",0.168951936225814,1.41754141536055e-07,1.37800353285863,0,"2L",8013674,0.000255944065278259,0
"2L:8041717",0.790411388983223,4.87034602869585e-07,1.03390018280684,9.21455134417215e-10,"2L",8041717,0.000775795254312727,1.58484024597843e-06
"2L:8203511",-0.454992644510608,3.42077982540268e-06,-0.792976441711566,7.13363146331858e-10,"2L",8203511,0.00396767838379954,1.26569515688147e-06
"2L:8250260",0.712799414850768,5.51590307895644e-06,1.07620184917066,1.67269931239389e-09,"2L",8250260,0.00575519050175431,2.71881153111537e-06
"2L:8540420",-0.572902184782126,7.447460660992e-05,-0.668375612060031,1.86747003838583e-06,"2L",8540420,0.036814002313454,0.00114940178858383
"2L:8929077",0.566964287971698,0.000117551764607704,0.776927541817563,4.31027609604229e-07,"2L",8929077,0.0485945444602801,0.000338575280000821
"2L:8942417",0.600737899667088,1.93285067198179e-05,0.800481953290308,4.59548421538614e-09,"2L",8942417,0.0148496587377124,6.43370482820592e-06
"3R:18569347",0.715533005755903,6.89272562626186e-06,0.70897452935301,5.94470685721937e-06,"3R",18569347,0.00689355362184329,0.00299294337748942
"3R:18636081",0.654710249029274,8.98134394065053e-05,0.872842383342725,4.54532882443459e-07,"3R",18636081,0.0412154563424464,0.000352608802742553
"3R:18951336",0.736601184497467,4.22871195615571e-07,1.18561640662837,6.26165785888588e-14,"3R",18951336,0.000685341980855678,2.28998731541989e-10
"3R:18978738",0.672087564586574,1.37338438361834e-05,0.975189501878515,2.63179233961353e-09,"3R",18978738,0.0116561104024778,4.01250403638946e-06
"3R:18993851",0.461238185075051,5.29728855631628e-05,0.768303874034774,2.22044604925031e-16,"3R",18993851,0.0293213307261249,1.01377222257374e-12
"3R:19026179",0.708509152358003,7.98062727014326e-10,0.915774778278626,0,"3R",19026179,2.35413068688086e-06,0
"3R:19126583",0.535460510110119,2.8460151974441e-05,0.844613985910115,9.11895670085983e-10,"3R",19126583,0.0195031762100719,1.5826865665972e-06
"3R:19130184",0.575625489838693,5.73356811803816e-05,0.888107694636962,5.43394218510684e-10,"3R",19130184,0.0306019272353992,1.00388300518328e-06
"3R:19143873",0.535051377587245,0.000117612023674551,0.853821697322673,2.6902120531247e-09,"3R",19143873,0.0485945444602801,4.0596885690862e-06
"3R:19223728",0.778807854798202,3.09796632791404e-12,0.929006326733088,2.66453525910038e-15,"3R",19223728,1.31398317026495e-08,1.09767061340743e-11
"3R:19259010",0.670269394820188,1.06387849905243e-05,1.00936344838314,3.93401977660801e-10,"3R",19259010,0.00960442443017984,7.56009967273982e-07
"3R:19406979",0.648065641419066,3.2693786455873e-06,0.514359580736854,0.000145077732718102,"3R",19406979,0.00382924905440019,0.0350377877511906
"3R:19425605",-0.741484343828567,9.53079415388913e-09,-0.64583025245806,5.28777586383811e-07,"3R",19425605,2.24727034272704e-05,0.000399398693627687
"3R:19454443",-0.38586393031064,0,-0.19683711190535,0,"3R",19454443,0,0
"3R:19458350",-0.818814071741655,2.79029246375018e-08,-0.606478520231809,1.97540444375477e-05,"3R",19458350,5.95264883599262e-05,0.00790606271075796
"3R:19558545",-0.483719463274671,1.57744121098702e-07,-0.443186268504372,3.22374392913716e-06,"3R",19558545,0.0002812722866565,0.00180954527771128
"3R:19597976",0.328916133497426,0,0.752295442457005,0,"3R",19597976,0,0
"3R:19623485",-0.668957669683627,0,0.342259941709648,2.01989254211554e-08,"3R",19623485,0,2.28730653059407e-05
"3R:19626857",0.53205899506765,4.97416240019533e-05,0.590313246168962,5.15113150378887e-06,"3R",19626857,0.0280526713685855,0.00266595416267897
"2L:7641001",-0.408791139131006,2.19929217903925e-06,-0.491659568124211,8.19826490006115e-05,"2L",7641001,0.00272272751608268,0.0235750894279166
"2L:7656921",-0.257869633641272,6.66133814775094e-16,-0.245034739427116,0,"2L",7656921,3.73036497525181e-12,0
"2L:7844420",-0.850087043598205,3.11175865075342e-08,-0.756399787765955,4.75246931808115e-07,"2L",7844420,6.52198226940352e-05,0.000366299383291239
"2R:20315154",-0.493508614573586,0,-0.343424921798374,0,"2R",20315154,0,0
"2R:20468457",0.747347063515362,2.08412134090619e-05,0.82326636533725,1.86809079161243e-06,"2R",20468457,0.0157310600617429,0.00114940178858383
"2R:20509719",0.288250423737949,8.16369540856954e-08,0.705249312642676,0,"2R",20509719,0.000157305412901851,0
"2R:20858911",0.792828587342669,9.60148849316056e-10,1.19346195868021,1.99840144432528e-15,"2R",20858911,2.8091329617808e-06,8.52654851486127e-12
"2R:21051277",0.597272037682453,0.000100626897444389,0.564982380690176,0.000147529408724312,"2R",21051277,0.0439546995544365,0.0354745128352274
"2R:21298408",0.66551119133804,6.91647050743427e-09,1.03780651365226,1.17683640610267e-14,"2R",21298408,1.67491446254743e-05,4.63494432089897e-11
"3R:17412442",0.653765590042944,1.38625486274524e-05,0.630104589449991,2.25409437433211e-05,"3R",17412442,0.0117316605003586,0.00874319052924448
"3R:17426740",0.532442584298498,0.000111506300189745,0.746729050746317,5.38411530914829e-08,"3R",17426740,0.04693288814435,5.53708752646115e-05
"3R:17496397",-0.667494874872851,2.3296320428301e-10,-0.60300121464094,5.97477334274288e-09,"3R",17496397,7.6600331981502e-07,8.00511300261332e-06
"3R:17501559",0.678988944222288,2.93018802997036e-05,0.603069233935112,0.000113048027820861,"3R",17501559,0.0199086973502071,0.0296552568036281
"3R:17531225",-0.530692949803338,2.65437150126502e-06,-0.429602021434196,9.28453729898138e-05,"3R",17531225,0.00321395516084674,0.0258654651749777
"3R:17951264",0.678331318643855,1.22325068363516e-06,0.689752280384945,2.52326690652893e-08,"3R",17951264,0.0017125581245737,2.78688025947713e-05
"3R:18210176",0.536708546360598,2.81229373988445e-06,0.804374009730288,7.98811461422133e-10,"3R",18210176,0.00337665090390351,1.40685614737535e-06
"3R:18233693",-0.762393086084768,0,-0.26604757035553,3.58745418251871e-05,"3R",18233693,0,0.0126703840310545
"3L:22321880",0.815439714814443,7.80962849944444e-10,0.887754960899567,8.41051450706232e-10,"3L",22321880,2.32280711090758e-06,1.47041025126971e-06
"3L:22516559",0.683348412662736,1.48421851298153e-06,0.737873958391822,1.16008698203274e-08,"3L",22516559,0.00200734392973717,1.42145953672139e-05
"3L:22649059",0.617187825914302,8.59696647823593e-05,0.917834938550693,2.67692967792499e-08,"3L",22649059,0.0402766755718886,2.93848579467943e-05
"3L:22722056",0.760297459403285,1.3740753442848e-05,0.801675416697717,2.38237307015332e-06,"3L",22722056,0.0116561104024778,0.00141248317932598
"3L:22828826",0.794177478974173,1.4009593485298e-10,0.671093167439918,7.10060426234449e-07,"3L",22828826,4.73684841464248e-07,0.000508973443706132
"3R:22290385",0.71742645515022,1.3171576029869e-07,0.812485032916955,2.25201168824185e-09,"3R",22290385,0.000239630081546655,3.54001915387461e-06
"3R:22487755",0.694696229372184,0,0.763819941405624,0,"3R",22487755,0,0
"3R:22582237",0.557005792550027,4.16903400399793e-05,0.800750418331739,7.46713513244401e-09,"3R",22582237,0.0251335246523779,9.74948062721542e-06
"3R:22714111",0.653617281809075,9.70467632721572e-06,0.97179272396019,1.53779100564577e-09,"3R",22714111,0.00897592400693834,2.52241008288308e-06
"3L:26252559",-0.318253955878784,0,0.102021949584035,4.42978986825437e-13,"3L",26252559,0,1.46326574513103e-09
"3L:4509562",0.638819358205792,1.35211445921879e-05,0.597999622748124,2.04590760854995e-05,"3L",4509562,0.01152437218444,0.00810228017420679
"3L:4642250",0.535300970469904,0.00010654850291103,0.633362764884057,4.05521290969268e-06,"3L",4642250,0.0454608848405566,0.00219380285230675
"3L:4642439",0.68475606724752,6.32118982113461e-06,1.06011732676143,1.51031853690142e-10,"3L",4642439,0.00644530274161985,3.11092200634066e-07
"3L:4696015",-0.599400936806421,6.05433961187174e-06,-0.550964777442473,2.42683166080671e-05,"3L",4696015,0.0062174338063159,0.00928260520256794
"3L:4804956",0.867484671141471,1.01580965861103e-11,0.921978429766395,2.22044604925031e-15,"3L",4804956,4.0228475730462e-08,9.41788396118799e-12
"3L:4948344",0.59585022895916,4.71781854938236e-05,0.860185137674661,5.85826627208519e-08,"3L",4948344,0.0271190576555968,5.98179891542661e-05
"2L:13905165",-0.567912459589451,6.05191592772947e-06,-0.449977783586153,0.000216048485385922,"2L",13905165,0.0062174338063159,0.0457772651678536
"2L:14094787",-0.196162065811485,1.13114408062387e-07,0.440152953320662,0,"2L",14094787,0.000208230956528973,0
"2L:14139296",0.753339204412572,9.41715476932004e-07,1.07970819180013,6.98829882850305e-11,"2L",14139296,0.00136644631378804,1.55084630500541e-07
"2L:14259426",0.332502134221965,8.46434033974219e-13,0.485791751675418,0,"2L",14259426,3.84507763322496e-09,0
"3L:18630862",-0.785025190722621,0,-0.628375732824556,0,"3L",18630862,0,0
"3L:18795071",-0.61827893248809,0,-0.623131991825006,0,"3L",18795071,0,0
"3L:18874884",0.648180834870937,5.60083608271977e-05,0.596157344882402,0.000132391819123834,"3L",18874884,0.0302407954712408,0.0329775644968079
"3L:18914895",0.603375137941505,7.21460616934788e-05,1.2220760518049,3.31845662060459e-12,"3L",18914895,0.0360379884739169,9.51471864407693e-09
"3L:18922860",-0.628359115594681,1.02901285419232e-05,-0.654680692249535,2.66381249813818e-06,"3L",18922860,0.00938421756900277,0.00153862110403138
"3L:18976351",-0.617541289128685,2.37881302369569e-05,-0.761119033431044,4.03098916468281e-08,"3L",18976351,0.0173286617055299,4.25541255701345e-05
"3L:19031197",-0.395458157131448,3.33091500097638e-05,-0.747550561510206,3.33066907387547e-15,"3L",19031197,0.0216073290990486,1.35649635463702e-11
"3L:19193953",0.495688358542955,6.73262793504659e-05,1.05795227007381,2.22044604925031e-16,"3L",19193953,0.0343485259909267,1.01377222257374e-12
"3L:19236616",-0.777320082879261,4.59321944923374e-08,-0.512548943773785,0.000199428452597683,"3L",19236616,9.32700702795777e-05,0.0435162596978316
"3L:19376517",0.618398369791914,9.47069410035528e-05,0.711975695654962,9.99513392230256e-06,"3L",19376517,0.042485340220879,0.0045431464685531
"3L:19380980",0.596304090833245,6.19019147962696e-05,1.29294312424538,6.0018656711236e-13,"3L",19380980,0.0325781778500077,1.97346574250386e-09
"3L:19582531",0.65541596662858,2.10050085531766e-05,1.14978603313222,3.86841669808291e-11,"3L",19582531,0.0157494279769275,8.9737627651648e-08
"3L:19636712",0.646428887032202,1.12199912287725e-05,0.93178683176538,3.55959461906252e-09,"3L",19636712,0.00996595213476805,5.18088455151559e-06
"2L:21830870",-0.606721304586784,4.46077720048788e-05,-0.674921731940373,2.46632411848857e-06,"2L",21830870,0.0260594823116652,0.00145280682598321
"2L:21977282",-0.57469501830805,5.40575043528335e-05,-0.68047755857803,7.78335311535372e-07,"2L",21977282,0.0296696640831731,0.000547777839122128
"2L:22048715",17.5853347312093,1.95028437843803e-11,18.0991127560038,0,"2L",22048715,7.51596609310492e-08,0
"2L:20222802",-0.766051072426905,0,-0.879918506315154,0,"2L",20222802,0,0
"2L:20501671",-0.692475122463495,5.48839421909975e-07,-0.87003303462808,1.76814118901802e-11,"2L",20501671,0.000849974100164137,4.44704880249714e-08
"2L:20553654",-0.82139161574419,4.26955339971613e-08,-0.629812248040145,1.75607973367242e-05,"2L",20553654,8.74408195879063e-05,0.00723427138698616
"2L:20576283",1.18827564640292,0,1.22814219362697,0,"2L",20576283,0,0
"2L:20648697",-0.621782971454814,5.63176657282227e-05,-0.568342089584587,0.000153201589881746,"2L",20648697,0.0302840748289476,0.0364713913092013
"2L:20773665",-0.653392036810451,2.71139724672409e-07,-0.50955669899216,4.53524952999107e-05,"2L",20773665,0.00045622950249849,0.0152551875591093
"2L:20863479",-0.371852526741964,4.85223825741343e-06,0.529365089963776,0.000217500616764177,"2L",20863479,0.00521442115761288,0.0458814286634527
"2L:21112992",-0.658493009193189,1.42249625274538e-05,-0.607088163393657,3.55018460911349e-05,"2L",21112992,0.0120241695926491,0.0125730384306639
"2R:15799415",0.618196752834799,3.39518874092892e-05,1.05048916696288,2.30072183526886e-10,"2R",15799415,0.0217604120312096,4.5683221985768e-07
"2R:16099541",0.703584424875963,3.75090274009615e-05,0.682089928572037,3.44043681230755e-05,"2R",16099541,0.0232784271585207,0.0122532433025424
"2R:16229709",-0.706290968712138,1.79230109313977e-05,-0.593960088749395,0.000150012453239423,"2R",16229709,0.0140560919088169,0.0359250963127202
"2R:16237718",0.612718758687479,7.9317363581799e-05,0.771950785018493,9.28188431892352e-07,"2R",16237718,0.0381576672265264,0.000639124161907525
"2R:16397464",-0.366868131642294,1.46852219273796e-09,0.624538072624004,4.44089209850063e-16,"2R",16397464,4.11187934891073e-06,1.97717067011276e-12
"3R:24362020",0.561768529605108,5.32099880852233e-05,0.854018340313045,2.29559660169798e-09,"3R",24362020,0.0294035691265904,3.59277408490593e-06
"3R:24475290",0.458199212101173,1.46331371642106e-06,0.487652941008102,5.17002441784431e-05,"3R",24475290,0.00199033711930126,0.0169064279780294
"3R:24485182",1.00582675694448,5.61757065309365e-08,0.897255809234658,2.96799785859392e-07,"3R",24485182,0.000111542700743753,0.000244256001037164
"3R:24519519",0.578942559958498,3.91625839406551e-05,0.781174863999469,3.13190344769509e-08,"3R",24519519,0.0239930407319773,3.36575380362546e-05
"3R:25142581",-0.60596162141303,3.77918898488705e-05,-0.524398567849594,0.000223461763482646,"3R",25142581,0.0234156499180892,0.0468083174896701
"2R:22801088",-0.586206496091212,6.71812701025232e-08,0.637135626836263,4.16421600091255e-07,"2R",22801088,0.000131933523159723,0.000329098403759881
"2R:22801140",1.2204830137699,1.99840144432528e-14,-4.2086694400079,3.17031782366417e-05,"2R",22801140,1.01592918474943e-10,0.0114483291030526
"2R:23371175",0.637877053698309,4.19417635233454e-05,1.13113301988519,7.127654022554e-11,"2R",23371175,0.0252147478156628,1.56721588537692e-07
"2R:23410616",-0.707781302968436,4.80439579675362e-07,-0.607572836379871,1.28280473947751e-05,"2R",23410616,0.000766994503407658,0.00561366474769046
"2R:23433207",0.611443964053846,4.31625871837316e-05,1.09715348508778,1.59474655703207e-11,"2R",23433207,0.0255850109443982,4.05361388766049e-08
"2R:23464376",-0.736513107832754,4.70245336225972e-07,-0.554366785223634,0.000119469759961355,"2R",23464376,0.000754078898753435,0.0308933197509304
"2R:23515007",-0.497392887167769,1.6737432250391e-05,-0.492970613946758,7.3627545206012e-05,"2R",23515007,0.0134467358142102,0.0219080304218784
"2R:23528618",1.11423804854256,2.63429278390959e-11,0.946027410332569,1.50895895778547e-09,"2R",23528618,9.93825773886708e-08,2.49222651570852e-06
"3L:7597941",0.610086186487818,2.002190127115e-05,1.12144665759476,3.88578058618805e-13,"3L",7597941,0.0152678286136852,1.30767097724007e-09
"3L:7774143",-0.479472249170226,4.14895360911771e-06,-0.740682442558311,9.28409424738597e-06,"3L",7774143,0.00456832933007128,0.0042910534369383
"3L:7785459",-0.660551095270122,9.95490310407021e-07,-0.480955515896417,0.000231871175092602,"3L",7785459,0.00143287237142708,0.047911776857856
"3L:7869372",-1.00257784671053,5.99520433297585e-15,-0.873188816863428,3.57660567829043e-11,"3L",7869372,3.15983856727212e-11,8.37817542488763e-08
"3L:7926605",-0.395121437048088,1.8354744391047e-09,-0.266197100539399,1.06496486518282e-07,"3L",7926605,5.02165490218918e-06,0.000101242706930722
"3L:7933694",-0.7085881750984,2.03764807538143e-06,-0.807487928766183,1.20715373252978e-08,"3L",7933694,0.00257600044687414,1.4567195571356e-05
"2L:10006427",0.924754132227338,9.87382731132413e-09,0.81418218573889,5.57366597320197e-10,"2L",10006427,2.31293759419577e-05,1.02042931045634e-06
"2L:9217951",-0.435702472480499,0,-0.328640638622867,4.88395546227594e-10,"2L",9217951,0,9.11675501881714e-07
"2L:9218027",0.270944070336351,0,1.34190497886454,0,"2L",9218027,0,0
"2L:9241092",0.562224490281005,2.47637358676833e-05,0.920413349517077,2.25501839423714e-11,"2L",9241092,0.017875851118996,5.55465274929335e-08
"2L:9275669",0.82301743191777,8.17399481434222e-11,0.458275034862263,9.57527786593637e-06,"2L",9275669,2.91499701736565e-07,0.00439691729669237
"2L:9290752",-0.153108809774587,0,0.0558464788752677,0,"2L",9290752,0,0
"2L:9440321",-0.648971420638011,2.83107660741244e-05,-0.862721042244531,3.35540017992741e-09,"2L",9440321,0.0194193703868235,4.92860843273055e-06
"2L:9556096",0.676985061180171,2.28092429424009e-05,0.687066846597383,1.40271665864944e-05,"2L",9556096,0.0168065742033506,0.00603162272987339
"2L:9644969",0.925327175990729,5.39153781620172e-08,0.937772149489997,2.57976622286549e-08,"2L",9644969,0.000107650988336124,2.83617203657769e-05
"3R:23189145",0.621020041189582,1.67103599846286e-08,1.00196014060283,1.48769885299771e-14,"3R",23189145,3.71739069041365e-05,5.79558152676803e-11
"3R:23207732",-0.781960309570533,1.1524115905992e-07,-0.800037506755823,1.90728726146006e-08,"3R",23207732,0.000211266517999048,2.18650945470566e-05
"3R:23232949",-0.536199677361027,5.91489746071261e-10,-0.411559628993659,1.88272154193481e-05,"3R",23232949,1.81188728398768e-06,0.00762883238792254
"3R:23541076",-0.504782294810327,0,-0.223256884044979,5.5961470479815e-07,"3R",23541076,0,0.000418900062781739
"3R:23547915",0.633523062290037,6.71728082468626e-06,0.717665682393974,3.66701986109774e-07,"3R",23547915,0.00676259416710335,0.000294348358062088
"3R:23865457",-0.159413446979913,0,0.131497109079251,4.66293670342566e-15,"3R",23865457,0,1.88836554679414e-11
"3R:23885559",-0.585267345281064,7.04783752631943e-05,-0.592379734771183,2.74182701767156e-05,"3R",23885559,0.0354297031927578,0.0102100552095304
"3R:24047616",0.289920997032358,5.40661489356609e-07,0.606814266846011,0,"3R",24047616,0.000842495168598447,0
"3R:24068230",0.663017408949443,0,0.465992598140806,6.13464834486876e-12,"3R",24068230,0,1.69128243751806e-08
"3R:24084989",-0.824132514005619,4.32378577386316e-08,-0.70171662050973,1.19777595730675e-06,"3R",24084989,8.82992197738585e-05,0.000789852253473183
"3R:29916010",-0.790520917604048,1.37889699658444e-13,-0.423464585899625,1.54790079383016e-05,"3R",29916010,6.76984591673093e-10,0.00656532504567953
"3R:30064645",0.536756225566851,4.13347374945694e-05,0.882393214073184,6.51849685340267e-11,"3R",30064645,0.0249821786174703,1.460149406253e-07
"3R:30174952",0.602412070865493,3.3818777828154e-05,0.996914661213308,2.44265718762904e-10,"3R",30174952,0.0217604120312096,4.81017582435181e-07
"3R:30638907",0.585160558215513,9.51248118286063e-05,0.764094691342156,1.7353510162188e-07,"3R",30638907,0.0425894756359653,0.00015536967467566
"3R:27670952",0.883448788374338,1.74318004475538e-09,0.963677304965591,1.58983937126322e-12,"3R",27670952,4.80583340623381e-06,4.8084456997451e-09
"3R:27767972",-0.701951768264846,6.60568113941551e-06,-0.790370219420577,1.00719211193478e-07,"3R",27767972,0.00667838089954366,9.66028540628601e-05
"3R:27992649",-0.251379129998097,2.42787013566836e-05,0.297631305470082,7.80254385990276e-07,"3R",27992649,0.0176144189965333,0.000548322239844106
"3R:28133929",0.680222054389936,4.93514369859227e-06,0.594101691173916,4.74311714140363e-05,"3R",28133929,0.00527988926654035,0.0157987016557135
"3R:28387445",-0.591344986545442,9.47426680764085e-05,-0.630800645171086,1.54884134857536e-05,"3R",28387445,0.042485340220879,0.00656542948067926
"3R:28394416",0.646376115564544,1.81483786330094e-05,0.622477300552144,4.96541655308214e-05,"3R",28394416,0.0141663900238221,0.0163891400647854
"3R:28459543",-0.51070662156777,0,-0.443376752029285,1.28386190567653e-12,"3R",28459543,0,4.00120028510719e-09
"3R:28593431",-0.722309864192835,0,-0.609834339987616,0,"3R",28593431,0,0
"2R:23708062",0.818245815647981,1.17930603149574e-06,0.905934835469454,9.80940857431278e-08,"2R",23708062,0.00167392099266186,9.46552920067543e-05
"2R:23989936",0.845137466272569,5.43441083245e-08,0.977252867318885,6.24712059860144e-10,"2R",23989936,0.000108205610775907,1.12511426794957e-06
"2R:24121206",0.860975070457897,0,0.945344572246355,0,"2R",24121206,0,0
"2R:24238159",0.616033515837215,2.0561040396716e-05,0.914394966564561,4.08228717496684e-09,"2R",24238159,0.0155959951740606,5.81748646894186e-06
"2R:24273587",-0.655875855373454,1.20030135386529e-06,-0.492010376332132,0.000240044851907539,"2R",24273587,0.00169700120582781,0.0490772589794295
"2R:24588446",0.536949122934854,3.03896564890493e-06,0.780899708292702,2.73301381525926e-11,"2R",24588446,0.00362452528125125,6.65130903552097e-08
"2R:24590686",0.70237177759568,3.54476848496432e-06,0.949744457338785,4.47097692202192e-10,"2R",24590686,0.00407849227018921,8.47833246200021e-07
"3R:6351786",-0.459158391498978,0,0.146922034234898,6.74331698546915e-06,"3R",6351786,0,0.00330555791965273
"3R:6613938",-0.708721873227361,6.39136767732751e-07,-0.711209284516862,2.92103722321357e-07,"3R",6613938,0.000956440819459581,0.000240944562107153
"2R:13721515",0.577094911824398,3.18055263044403e-05,0.885537919056983,6.75525413385003e-10,"2R",13721515,0.0209350749968794,1.20752778775713e-06
"2R:13814055",0.668699263416629,5.3534954247425e-13,0.993414997852709,0,"2R",13814055,2.4918192084037e-09,0
"2R:13972030",1.01009168917035,5.69439384534576e-10,0.701180841366243,4.13673790466973e-06,"2R",13972030,1.75182772168471e-06,0.00223117091067041
"2R:14326678",-0.143732432340246,2.76445533131664e-13,0.422298403712127,0,"2R",14326678,1.32104658323584e-09,0
"2R:14465021",0.616075867612573,1.61071156412618e-12,0.827378750627816,0,"2R",14465021,7.17119802049900e-09,0
"2R:14538932",0.617460753295942,8.76268005880476e-05,0.793210303974436,8.90576175027746e-07,"2R",14538932,0.0407071636694195,0.000619173301637646
"2R:14584967",-0.741531652584814,3.54657103684985e-09,-0.692414157256446,1.18639003066079e-08,"2R",14584967,9.11180200332288e-06,1.44373201487252e-05
"2R:11472719",-17.2697984659521,0,-16.7567631619391,0,"2R",11472719,0,0
"2R:11513890",-0.386193053904099,2.43295296660229e-05,-0.250307775317711,1.53000600193742e-05,"2R",11513890,0.0176170249623127,0.00650482142471381
"2R:11568943",-0.617684516844333,8.05698132650967e-05,-0.626152256970912,2.85446186159e-05,"2R",11568943,0.0384973147862262,0.010536472078257
"2R:11730554",-0.97241880504403,0,-0.580810955689778,0,"2R",11730554,0,0
"2R:11792096",-0.469748397433612,1.49612339643834e-05,0.466778797479879,3.55330224999229e-06,"2R",11792096,0.0124727133942461,0.00197137593862324
"2R:11874982",0.557253630658471,8.82004271740566e-05,0.725030534424139,2.5797441294273e-07,"2R",11874982,0.0407325231460563,0.000217293575934886
"2R:11981855",0.764660521033003,4.98836968620964e-07,0.79296729821387,1.30930394970363e-07,"2R",11981855,0.00078937368331755,0.000121726718425345
"2R:12194184",0.844216841943653,1.9476639234739e-07,0.946861216819754,5.72230063333734e-09,"2R",12194184,0.000342179250818103,7.78323009654289e-06
"2R:12241574",-0.407202419768626,9.31450947638801e-06,0.440443262026153,7.54397311286681e-06,"2R",12241574,0.00870491308501089,0.00361708532389449
"2L:15792024",0.678884934620295,1.60880730959434e-09,0.797812386923647,1.37001521238744e-12,"2L",15792024,4.48715138497724e-06,4.21472538319723e-09
"2L:16020030",-0.525464870833679,5.47106972543787e-05,-0.480693259447164,0.000189956707244976,"2L",16020030,0.029890847503072,0.0420381406678977
"2L:16132783",0.569858860968259,3.55458963612332e-05,0.581616243630537,1.86981303011979e-05,"2L",16132783,0.02248844232076,0.00759478159107925
"2L:16448043",-0.413967232658858,2.88657986402541e-15,-0.319332275224201,3.4223912592779e-10,"2L",16448043,1.5557211325361e-11,6.63021708601129e-07
"3L:8651668",-0.739069805980071,7.76588571227421e-10,-0.833354064956874,2.24316343278019e-10,"3L",8651668,2.31942090675637e-06,4.46640632807538e-07
"3R:10086913",-0.860560538618695,1.29161037420999e-08,-0.749561624211481,2.50317134797839e-07,"3R",10086913,2.93914346369792e-05,0.000211340486660183
"3R:10092479",0.765848335547927,3.2889893031296e-09,1.00178707417768,0,"3R",10092479,8.54697186406243e-06,0
"3R:10456659",-0.617599831718734,1.61650062975305e-05,-0.5612992919815,4.43472589402027e-05,"3R",10456659,0.0131078409207169,0.0150015329165239
"3R:10462396",0.722259726362612,0,0.727600329765269,0,"3R",10462396,0,0
"3R:28902271",0.639840126764952,3.93798234621379e-06,0.899191242302605,5.16899634206425e-10,"3R",28902271,0.00438998065274196,9.57403639529892e-07
"3R:29035137",0.763351727891826,4.40451221050964e-07,0.941750693928322,3.25127769151834e-09,"3R",29035137,0.000709475857534818,4.81513554362277e-06
"3R:29097056",-0.479575858859612,8.09641329293509e-05,-0.425050174287437,0.000231592639955647,"3R",29097056,0.038587322723509,0.0478726157934976
"3R:29220591",0.870903843300105,3.23265144208662e-07,0.678389846638361,2.2694797610745e-05,"3R",29220591,0.000536382928620837,0.00878860022246075
"3R:29256676",0.466019152126663,9.530190437812e-05,1.09760504437868,0,"3R",29256676,0.0426155277379598,0
"3R:29262704",0.799685796241023,2.32899620478122e-07,0.555651985953995,0.000133110490135646,"3R",29262704,0.000397483682518046,0.0331068697642961
"3R:29376514",-0.179485987294723,0,0.16408938924019,0,"3R",29376514,0,0
"3R:29396240",0.572144523435262,2.69535060237747e-05,0.574946128113433,1.52382629730052e-05,"3R",29396240,0.018867533181992,0.00648423983962467
"3R:29482961",0.352797954156164,1.66299130022196e-09,0.599843808721618,1.20268316814442e-05,"3R",29482961,4.62029904253101e-06,0.00531168763385967
"3R:29566696",0.526662236953887,0.0001181907945218,0.551412608229941,4.16787406902763e-05,"3R",29566696,0.0486747974077573,0.0142858316246713
"3R:29740955",0.648514687668901,5.53033486527799e-05,1.57541784075972,6.66133814775094e-16,"3R",29740955,0.030067991052844,2.94744886933476e-12
"3R:12948540",-0.908032516940453,0,-0.799711359096681,0,"3R",12948540,0,0
"3R:12995090",-0.387824598011521,0,0.23882470961993,5.85065329516965e-11,"3R",12995090,0,1.31879428740173e-07
"3R:13355320",-0.883612671673017,7.82707232360735e-13,-0.99740238895731,0,"3R",13355320,3.59645443767867e-09,0
"3R:13358161",-0.171349219703522,0,0.657370247730361,0,"3R",13358161,0,0
"3R:13435800",0.559503870542208,4.90798794403613e-05,1.13756517615301,1.68753899743024e-14,"3R",13435800,0.0278107548003868,6.46862575387694e-11
"3R:13440511",0.818868448532947,0,0.704765677138399,4.50239879445924e-06,"3R",13440511,0,0.00237129534391239
"3R:13598541",0.711477304133934,1.28810923882838e-06,0.988539052684763,2.11604067601456e-11,"3R",13598541,0.00177999269110962,5.23029070582505e-08
"3R:13682263",0.762846294426977,9.05811745832708e-07,0.877870152524416,2.29014460728649e-08,"3R",13682263,0.00131924431236733,2.55300548201676e-05
"3R:13768495",0.766772990185392,7.0556444020653e-08,1.0613094031894,8.81517081552374e-14,"3R",13768495,0.000137589363992244,3.17524667642204e-10
"3R:13789741",0.734000100241595,9.47552807328833e-08,0.472249256460803,0.000245070172170347,"3R",13789741,0.000179210737454282,0.0498063608228583
"3R:13811527",-0.556734341957071,0.000105043755508794,-0.605735864494045,1.12057279011424e-05,"3R",13811527,0.045087232982018,0.00500766794060011
"3R:13859715",-0.632229094001955,5.55519803935312e-07,-0.823354054920716,2.31370478331883e-13,"3R",13859715,0.000857662058361004,7.89747871332042e-10
"3R:13900675",-0.547474767179958,0.000102926201941633,-0.543448450747497,0.000144678493025463,"3R",13900675,0.0445649666514543,0.0349861426331539
"2L:1355987",-0.691780363517024,1.51061116659967e-06,-0.743267339944566,7.91548058209912e-08,"2L",1355987,0.00203153961735862,7.81520692519338e-05
"2L:1786135",-0.446267185247889,1.37536648736614e-11,0.460704880467775,1.77635683940025e-15,"2L",1786135,5.32900986077574e-08,7.62453839253064e-12
"2L:2125095",-0.854686607028491,5.83662096431681e-09,-0.711221507589271,9.5898830787533e-07,"2L",2125095,1.43764644115116e-05,0.000654298663318297
"2L:2154902",0.907288457390454,3.99036359510774e-12,0.638753753237705,1.28179442615561e-08,"2L",2154902,1.67269274623627e-08,1.52877552421235e-05
"2R:4678080",-0.722181241218905,5.72517826480379e-08,-0.953681605774988,8.92175222588776e-13,"2R",4678080,0.000113365330269231,2.88069313548334e-09
"2R:4896632",0.460739649347009,5.45134160034877e-10,0.514743681921636,1.10311759726756e-12,"2R",4896632,1.68428362635983e-06,3.51430223588524e-09
"3L:17772299",0.682253279843071,1.80886682463743e-05,0.657476307456241,2.95304135589092e-05,"3L",17772299,0.0141395983260696,0.0107887303925927
"3L:18031213",-0.741007218773149,0,-0.217597844002885,5.43176614797858e-11,"3L",18031213,0,1.23997014973551e-07
"3L:18099545",-0.244599458156772,0,-0.200695571428395,6.37236657885509e-07,"3L",18099545,0,0.000466095049063578
"3L:18266287",-0.618896334790603,4.03279454017635e-05,-0.681057719683095,2.77330597930892e-06,"3L",18266287,0.0245809457889628,0.00159160452032552
"3L:18350414",-0.477938922335202,2.33003986989111e-05,-0.426008944788821,0.000108914564104667,"3L",18350414,0.0171124955825569,0.0289256340473944
"3L:2885199",-0.74168869202983,3.41504602374698e-13,-0.433702687059605,1.3634231704307e-05,"3L",2885199,1.62113591719199e-09,0.00590431867218173
"3L:3119991",0.5795985065428,9.47736812111355e-05,0.783868757317456,8.76459487209047e-08,"3L",3119991,0.042485340220879,8.5535058340986e-05
"3L:3224421",0.389438138957667,0,1.18135867107695,0,"3L",3224421,0,0
"3L:3497066",-0.720388714332511,1.3136414713788e-06,-0.566461105253629,0.00011264099552033,"3L",3497066,0.00180733617583251,0.0296232828179174
"3L:3499461",0.673302237569296,5.29659383019521e-09,0.701683529137792,7.03515024014223e-11,"3L",3499461,1.32286214190433e-05,1.55642493752613e-07
"3L:3499726",0.226868283602963,0,0.623393198491758,0,"3L",3499726,0,0
"3L:3502688",-0.58487958753816,7.46386474599348e-05,-0.702849683569553,5.86645539701891e-07,"3L",3502688,0.036814002313454,0.000435760914813404
"3L:3807845",0.971579080323963,2.93051360955587e-10,0.712274541859639,1.40664163406079e-06,"3L",3807845,9.2946944551791e-07,0.000902672285783059
"2L:12428638",0.678477006446722,1.46093359632005e-10,0.792697511589146,5.77315972805081e-15,"2L",12428638,4.89346534879907e-07,2.32484169244158e-11
"2L:12726322",-0.692251674735873,0,-0.545862160097365,2.44249065417534e-15,"2L",12726322,0,1.0120142360606e-11
"2L:12728958",-1.19754491949302,1.05879442990897e-07,-0.771106386572118,0.000187456386846252,"2L",12728958,0.000197129097075854,0.0416956313497458
"2L:12798220",-0.395237027177997,7.4118541246726e-06,0.376147919472727,2.62299191056137e-06,"2L",12798220,0.00731796042992795,0.00152117190167162
"2L:13053946",0.621486753920043,5.92863155235435e-07,0.844704967680315,4.60338434038476e-11,"2L",13053946,0.000897612179714688,1.05760246966052e-07
"2L:13240115",-0.686989859205659,5.07972752750163e-09,-0.442114071121624,8.56411481737762e-05,"2L",13240115,1.27760137926167e-05,0.0244865703767081
"2L:13339491",-0.708034839658666,8.65973959207622e-15,-0.582706241923219,5.15285033086954e-07,"2L",13339491,4.53089585315256e-11,0.000391333372165986
"2L:13345580",-0.787082601226847,1.0370775127555e-08,-0.621153745674384,6.89894101535415e-06,"2L",13345580,2.4214341119729e-05,0.00336635916720824
"2L:13423927",0.542479676216362,0.000118144428321587,0.661241331087188,6.21606324147095e-06,"2L",13423927,0.0486747974077573,0.00309423109699729
"2L:13467449",-0.427111270134865,0,-0.0976447308432677,0,"2L",13467449,0,0
"2L:5644139",0.381585465492997,1.56588741972996e-10,0.78071193487778,0,"2L",5644139,5.22061767499858e-07,0
"2L:5846557",0.73540173068338,8.19014962738507e-07,0.677107307337281,2.77893637123938e-06,"2L",5846557,0.00120301717691773,0.0015935599421708
"2L:5870122",-0.594853465632449,4.44979243003907e-05,-0.739415997670493,1.34720471223204e-07,"2L",5870122,0.0260165135663075,0.000124603919915105
"2L:5932023",0.670714320961761,2.37954388015993e-06,0.737530032369263,1.78451253773915e-08,"2L",5932023,0.00291068974732129,2.06313538804683e-05
"2L:6030213",-0.805677190054076,9.57034451687377e-12,-0.573361671024324,1.75910754540709e-06,"2L",6030213,3.87573540154162e-08,0.0010898302211499
"2L:2670323",-0.7777521404047,1.13294828629762e-07,-0.553735313899817,0.000140142983118041,"2L",2670323,0.000208230956528973,0.034238210882059
"2L:2990462",0.62997261110976,3.57349452433375e-05,0.699567771916435,7.78715516069894e-07,"2L",2990462,0.0225568685461615,0.000547777839122128
"2L:3026136",0.810885127804643,5.31814285253951e-06,0.761254041920722,6.40186768308126e-06,"2L",3026136,0.00555693987045026,0.00316256234378752
"2L:3151277",0.545713505116394,7.62452538733971e-05,0.811055990362261,1.10068738568003e-08,"2L",3151277,0.0373311657870305,1.35796216887711e-05
"2L:19938977",0.613557347508258,4.71653762934565e-07,0.890947019434486,1.66400226930818e-12,"2L",19938977,0.000754649179091038,5.01160428002904e-09
"3L:12967350",-0.754698229292217,1.60398335502521e-07,-0.925645157074848,3.03130853751554e-11,"3L",12967350,0.000285295305417403,7.17112558949423e-08
"3L:12985651",-0.572685373099896,1.19609322590808e-05,-0.605327833078859,9.91285224571925e-07,"3L",12985651,0.0104812128681001,0.000672238621408543
"3L:13057772",-0.887175257724405,1.26905375097408e-10,-0.890237311072844,1.51847423524032e-11,"3L",13057772,4.33172159933083e-07,3.87347646705682e-08
"3L:13227859",-0.72460807190407,3.34448593042325e-07,-0.625755554268835,5.76255530271297e-06,"3L",13227859,0.000552381923591055,0.00292122837952657
"3L:13406157",-0.357092278372531,6.8954481871053e-06,0.360729596883427,9.61702084987248e-05,"3L",13406157,0.00689355362184329,0.0264626080470293
"3L:13557379",0.614423293675733,1.75673476709992e-05,0.648969599451844,4.43734017863129e-06,"3L",13557379,0.0138962389995508,0.00234771430126948
"3L:13599826",0.186752337116866,8.47544256998845e-13,0.70173375422245,0,"3L",13599826,3.84507763322496e-09,0
"3L:13617656",-0.614094163482293,2.20967320367915e-05,-0.594469685617625,2.40371128457095e-05,"3L",13617656,0.0164134754550966,0.00922154999837268
"3L:13720274",0.629968110077365,1.86178133392279e-05,1.12858178601736,8.74855743404623e-14,"3L",13720274,0.0144586180444188,3.16716778504881e-10
"2L:22507505",0.725694886381706,3.8395478809683e-06,0.618316462162054,0.00015156192651733,"2L",22507505,0.00432056426957884,0.0361791937197361
"3R:14094978",-0.675763091378404,2.67297295408753e-12,-0.495367496240357,1.10755263627027e-07,"3R",14094978,1.14730241461605e-08,0.00010515192746178
"3R:14135611",0.433910219624465,2.05607596304169e-06,0.873578632224228,0,"3R",14135611,0.00259472080728199,0
"3R:5321358",-0.807236895729311,1.67510068038723e-08,-0.6494859817819,5.82224091161265e-09,"3R",5321358,3.71739069041365e-05,7.84080459924875e-06
"3R:5374069",0.770330031490532,2.06459392759761e-06,1.12091892226342,1.16448095610622e-09,"3R",5374069,0.00260089124970782,1.95480899948433e-06
"3R:5598017",0.744233060673487,8.71015044534573e-08,0.936012663089698,4.72755168345884e-12,"3R",5598017,0.000166937485820191,1.30838734724261e-08
"3L:1007121",-0.783126514298431,1.79538384159628e-09,-0.552572042951242,2.04911267767116e-05,"3L",1007121,4.93079127895685e-06,0.00810601608550067
"3L:1203538",0.842191496964527,1.7671206098413e-07,0.843657245442703,3.13055576572907e-07,"3L",1203538,0.000313533998637642,0.000255579927624362
"3L:1238362",0.655016429947071,4.85940116501382e-06,1.00220610343529,9.23461307422713e-12,"3L",1238362,0.00521442115761288,2.42468804228763e-08
"3L:1297944",1.04393315056278,7.13207271019201e-12,0.87553625805548,5.47379896964628e-09,"3L",1297944,2.93809834188722e-08,7.48785405122016e-06
"3L:1307073",0.574622488221087,2.17047066985998e-08,0.781641059711252,2.22044604925031e-16,"3L",1307073,4.70030177512883e-05,1.01377222257374e-12
"3L:1313597",0.956399197198787,5.27002463890369e-09,0.942069967556129,5.61170199198102e-09,"3L",1313597,1.32082848644758e-05,7.66187585325328e-06
"3L:1315641",1.11771986489626,7.90490783941777e-10,1.27175641049057,7.75624009463627e-12,"3L",1315641,2.3414304355447e-06,2.10594551839226e-08
"3L:1318061",0.701345556566436,6.74635341813001e-06,0.792011643733795,5.27175728626261e-07,"3L",1318061,0.00677283805206701,0.000398608801483639
"3L:1325186",0.583028895930408,4.25768765903722e-05,1.03341806300664,8.83204620549805e-11,"3L",1325186,0.025348200058645,1.89546024438312e-07
"3L:1341511",0.579311124294779,4.92590030747309e-05,0.762807297661558,4.94126028982578e-09,"3L",1341511,0.0278462154424104,6.83766447785326e-06
"3L:1343012",-0.949708254680522,3.80555587042863e-11,-0.679911904576089,1.34001472873457e-06,"3L",1343012,1.39888916132864e-07,0.00086300680826696
"3L:1643903",1.06480479398086,2.0791584010027e-09,0.764284203999523,2.61347095031894e-06,"3L",1643903,5.58182389256157e-06,0.00151810682139503
"3L:1658386",0.625187324862181,5.90455481470631e-05,0.811864243038247,5.51253819036646e-07,"3L",1658386,0.0313047529944225,0.000413326769086742
"3L:649123",0.804557618616853,2.02060590481778e-14,0.773722496123397,2.8421709430404e-14,"3L",649123,1.01998336224725e-10,1.06108159296051e-10
"3L:909262",0.78084790677031,3.57757262747782e-06,0.687628017540292,2.00161637795571e-05,"3L",909262,0.0040975681497689,0.0079886671746536
"3R:11917784",-0.59034455698795,9.85598654072994e-05,-0.582003167903955,5.93821019254648e-05,"3R",11917784,0.0435292712283108,0.0187100082665842
"3R:12078712",0.640579685444631,1.0013192530689e-05,0.852056699341982,2.28918506373077e-08,"3R",12078712,0.00920190569945573,2.55300548201676e-05
"3R:12535958",-0.845258210558685,2.88430168637888e-10,-0.626392886377483,5.09132818971025e-06,"3R",12535958,9.18878267422862e-07,0.00264838847631994
"3R:12872106",-0.645726025338403,3.57849738596983e-06,-0.623488748012582,3.71647871144631e-06,"3R",12872106,0.0040975681497689,0.00204449968518868
"3R:12915000",-0.753341380091455,2.03171485191334e-07,-0.703679938735156,5.70753446282879e-07,"3R",12915000,0.00035434046252945,0.000425278360245225
"3R:4467857",1.04732338316195,0,0.378760282054466,7.10374545123127e-05,"3R",4467857,0,0.0213321577322117
"3R:4908779",0.479643530786398,0,0.807833241329532,0,"3R",4908779,0,0
"3R:4929395",1.0465403682263,9.64868185349133e-11,0.783223317671907,1.67956696550675e-07,"3R",4929395,3.37375809689178e-07,0.000151246060248258
"3R:5017155",0.56347097432965,8.99356753536473e-05,0.8110102621367,1.24134770462803e-07,"3R",5017155,0.0412451451698787,0.000116010659546348
"3R:16343990",0.880647366421685,2.31836772002225e-12,0.928973518902693,7.105427357601e-15,"3R",16343990,1.00109213061151e-08,2.81391803658037e-11
"3R:17088569",0.632479210255283,9.96673185107433e-05,0.854114562757083,2.10270520328848e-07,"3R",17088569,0.0437756329108188,0.000181893771714628
"3R:17304875",0.569538504193597,0.000119362961426672,0.625306231935157,1.29611004335839e-05,"3R",17304875,0.0489472132949215,0.00566497297200868
"3R:17409133",0.752541459507809,3.77701713438761e-06,0.739022480102453,2.57651579249618e-06,"3R",17409133,0.00428135345419755,0.00150498794130216
"2R:10342265",-0.678979255510068,2.0742940916918e-05,-0.873006022892106,1.16534779603938e-08,"2R",10342265,0.0157007415819109,1.42546893557068e-05
"2R:10388767",0.822063992422208,7.30786542391115e-11,1.06681967915602,4.44089209850063e-16,"2R",10388767,2.63231148716371e-07,1.97717067011276e-12
"2R:10406233",-0.746047576473538,5.1116185639799e-07,-0.617123088434954,1.33268081625726e-05,"2R",10406233,0.000803513930157124,0.00579302369397
"2R:10655021",-0.84444475202204,2.54685161849011e-13,-0.758721127608635,6.87040202507205e-10,"2R",10655021,1.24189855829154e-09,1.22505591611386e-06
"2R:10003906",-0.551673041598577,0.000102939676823954,-0.539286571480867,0.000133619042974154,"2R",10003906,0.0445649666514543,0.0331987975254775
"2R:10062097",0.582009373450916,3.05606729424923e-05,0.725810684893053,1.85026195920202e-07,"2R",10062097,0.0205112191453158,0.000163535551558802
"2R:10142678",-0.0984679496116758,7.96834279692682e-06,0.313294172412633,0,"2R",10142678,0.00774997560633044,0
"2R:9094293",0.610931766217225,3.99653132698852e-06,1.23916493079082,0,"2R",9094293,0.00444143510818504,0
"2R:9136468",-0.546617026414002,2.67341704329738e-13,-0.661037834563251,0,"2R",9136468,1.28611634690382e-09,0
"2R:9138064",-0.251774710215566,2.9748008945063e-08,0.148748692514214,8.79836203893092e-11,"2R",9138064,6.2901068011351e-05,1.89390159297051e-07
"2R:9142919",0.716435670647534,1.23520435280078e-06,0.589023807158936,3.06729923194027e-05,"2R",9142919,0.00172256456361996,0.0111390002851142
"2R:9239079",0.601382860266526,4.34567146887499e-05,0.871356509818577,4.10620426549713e-11,"2R",9239079,0.0256232352629096,9.4946436649069e-08
"2R:9305241",0.803729292051324,2.66988975372584e-07,0.873413748182049,4.13283507416651e-08,"2R",9305241,0.000451364383287722,4.35011538864578e-05
"2R:9342057",0.640346956256193,8.99227617368048e-06,0.80931112304329,1.09458409003338e-08,"2R",9342057,0.0085035495225893,1.35509699393471e-05
"2R:9474918",0.640816198125047,1.69933213718387e-05,0.952598551622509,6.49170672772925e-09,"2R",9474918,0.0135644362352985,8.61717566214168e-06
"2R:9586783",-0.0870156851734318,5.2859938648453e-12,-0.161065864741708,5.11645021372686e-06,"2R",9586783,2.20291643040855e-08,0.00265799583274204
"2R:9588301",0.840134086178134,3.20862065583682e-07,0.661952525468047,1.98608407719902e-05,"2R",9588301,0.000533630838043109,0.00793993878855822
"2R:9900460",0.670647294660318,1.04883202209916e-05,0.783333960285911,4.63516233173422e-07,"2R",9900460,0.00950823263695802,0.000358027830266604
"2R:9980434",0.514110556399291,1.48044469401309e-05,0.988144043665338,1.50990331349021e-14,"2R",9980434,0.0123825810735433,5.85028770172823e-11
"2R:9984652",-0.441498294059703,0,-0.49723530858943,0,"2R",9984652,0,0
"2R:14663985",-0.367699585895477,2.79498382187437e-05,0.590639140038263,1.36681554963047e-10,"2R",14663985,0.0192397785336185,2.83318905462819e-07
"2R:14772827",-0.263063757950673,0,0.110241755705837,0,"2R",14772827,0,0
"2R:14995777",0.617934613000284,1.00546321899486e-05,0.926588188709278,1.70443659186503e-10,"2R",14995777,0.0092281568727935,3.48075573321547e-07
"2R:15171025",0.603474385264846,2.25890125709061e-05,0.916528601787443,7.1143135826901e-10,"2R",15171025,0.0166926515235703,1.2653998310206e-06
"2R:15296209",0.192111736821256,0,0.694669457259253,0,"2R",15296209,0,0
"2R:15296401",0.524196344368827,6.48815186696794e-05,0.542398277219166,3.08828757400459e-05,"2R",15296401,0.0336736603326951,0.0111972372175479
"2R:15679555",0.598211046181174,1.32099852103718e-05,0.755978265942157,1.69254892323778e-08,"2R",15679555,0.0113400682979044,1.95997438743717e-05
"2R:21422065",0.564039653525198,6.89944391620845e-05,0.847185557044153,5.76689074271997e-09,"2R",21422065,0.0349508275439574,7.82468464766591e-06
"2R:21458166",0.603144635339044,0,0.872642221654647,0,"2R",21458166,0,0
"2R:21479818",0.490575758217581,3.5694354139082e-08,0.337485007240442,0.000155549626445817,"2R",21479818,7.39474570229954e-05,0.0367981646485944
"2R:21699483",0.89763301316604,0,0.935502197136277,0,"2R",21699483,0,0
"2R:21988325",0.583713097400791,8.6719641449351e-05,1.06369770737053,6.89190926550509e-11,"2R",21988325,0.0404956997718691,1.5342053531807e-07
"2R:22065692",-0.672823642393217,5.93563605599812e-07,-0.533593190231612,5.72542119792185e-05,"2R",22065692,0.000897612179714688,0.018248393232699
"2R:22068184",0.607921455312724,3.11959684362595e-05,0.799761174030393,5.32141031239775e-08,"2R",22068184,0.0207288295885621,5.48046390252535e-05
"2R:22220654",0.913750158183066,2.16774353134497e-07,0.747421371240066,9.16354620361659e-06,"2R",22220654,0.000374420497951486,0.00425142874394238
"2R:22224542",0.329584826392064,4.91830476121446e-05,0.619866175987168,1.77635683940025e-15,"2R",22224542,0.0278369813078984,7.62453839253064e-12
"2R:22267849",0.541382108986442,4.3315026098556e-05,0.720218014981828,5.59287121060237e-08,"2R",22267849,0.0255963237036465,5.73531739967584e-05
"2R:22278635",-0.77977085356749,1.65822910958013e-12,-0.442875804345004,9.26673597128058e-05,"2R",22278635,7.24770488069735e-09,0.0258359554431032
"2R:22287438",0.625310313540909,0,0.729314230003747,0,"2R",22287438,0,0
"3L:6247491",0.697393205922586,1.00455199714133e-11,0.923772115759204,0,"3L",6247491,4.0003660289272e-08,0
"3L:6317297",0.95193051957814,0,1.19468087776899,0,"3L",6317297,0,0
"3L:6499245",0.429343457277261,6.23493686651155e-05,0.657365969355098,7.90612020296066e-12,"3L",6499245,0.0327175801663695,2.13050025558e-08
"3L:6557305",-0.738527287910176,2.15061580099984e-07,-0.72050842723283,2.20168308251445e-07,"3L",6557305,0.000373260982567576,0.000189002759113246
"3L:6687410",0.654566389220279,2.69956862068987e-05,0.606583376211245,0.000180588168657181,"3L",6687410,0.0188786232782084,0.0407435552101573
"3L:6691431",-0.577937998668108,5.74155248254105e-05,-0.5603558288194,7.73871642099078e-05,"3L",6691431,0.0306217413998726,0.0225952551801037
"3L:6736937",0.696033591535376,1.57830480951304e-06,0.74798481111561,1.05145010032004e-07,"3L",6736937,0.00209894920662964,0.000100090648905671
"3L:6812859",0.180581092621634,0,0.201948046821636,0,"3L",6812859,0,0
"2R:7599177",-0.489604707546502,9.77256690459782e-07,-0.393709247473842,6.51552105619402e-05,"2R",7599177,0.00140945780179405,0.0200875055468518
"3L:24066214",0.634023520453994,3.22820331275508e-05,0.551972553576325,0.000109821911546071,"3L",24066214,0.0211252687454523,0.0290589426585302
"3L:11407858",-0.584855523398909,7.85102900999757e-05,-0.568632354328039,5.21288183654711e-05,"3L",11407858,0.0379295294803906,0.0169923116829581
"3L:11523785",-0.670373840254979,4.48028371446973e-06,-0.55205949933151,0.000139665512668419,"3L",11523785,0.0048880986413745,0.0341798082885834
"3L:11595114",-0.60147968251185,5.85955999277132e-08,-0.483489427948851,9.07779337500081e-06,"3L",11595114,0.000115706616570206,0.00422257594067534
"2R:17039378",0.570536236492445,1.4483748690175e-05,0.790178097085901,3.54241236344421e-09,"2R",17039378,0.0121711541762761,5.18088455151559e-06
"2R:17611196",-0.43235391603188,3.33066907387547e-15,-0.250973153249177,3.96414075787277e-07,"2R",17611196,1.78166685385161e-11,0.000315723109740608
"2R:17817688",-0.158943525459887,3.77475828372553e-15,0.278010485962287,0,"2R",17817688,2.00426523114764e-11,0
"3L:1730318",0.594562567262988,3.31024953512671e-05,0.823787850336637,9.41749100924483e-09,"3L",1730318,0.0215317313750221,1.19477624918579e-05
"3L:1803977",0.739984407932568,0,1.26498157525133,0,"3L",1803977,0,0
"3L:1949801",0.828951510869856,9.96094988714447e-08,1.08753729529282,0,"3L",1949801,0.000186912009475257,0
"3L:1958521",0.823915627956315,4.19909809146191e-08,0.697795749069967,3.73312334822629e-06,"3L",1958521,8.62443011247614e-05,0.0020473710905728
"3L:2136483",-0.581853674249053,3.52069918254649e-05,-0.516368628114988,0.000198166347490147,"3L",2136483,0.0223529471757916,0.0433199854772735
"3L:2137195",-0.391121915637688,0,0.186854474388005,1.47570844433176e-12,"3L",2137195,0,4.50124357456314e-09
"3L:2139354",0.55448825311453,8.63294492798872e-05,0.721672198739094,5.8828100701902e-07,"3L",2139354,0.0403924335719132,0.000436523385791154
"3L:2157064",0.586739251975628,5.16757493920217e-05,0.62235024646014,1.15812694290174e-05,"3L",2157064,0.0288259394485987,0.00515620414318507
"3L:2178630",-0.79783086250111,1.07855946396285e-11,-0.661509812262416,6.18761686332903e-08,"3L",2178630,4.24788274421408e-08,6.25571555780654e-05
"3L:2215053",-0.31784284353291,0,-0.0863914682031463,0,"3L",2215053,0,0
"3L:2248609",0.83610717103729,6.08348926789404e-11,0.690939732522789,2.64038424702129e-06,"3L",2248609,2.20235523115871e-07,0.00152878461180743
"3L:2275854",-0.48570770480009,2.13575305767488e-05,-0.500669019631414,7.29453687964288e-06,"3L",2275854,0.0159636517101202,0.00352341369200718
"3L:2288349",0.762520006356135,8.09757224606855e-07,0.817405870791664,1.88215088625654e-07,"3L",2288349,0.00119431359644006,0.000165740958442426
"3L:2292215",-0.524184501588211,8.18035976344333e-05,-0.494472677776287,0.000154512618044444,"3L",2292215,0.0389097970770768,0.0366738768715601
"3L:2295137",-0.227964130274496,0,0.246867122600631,0,"3L",2295137,0,0
"3L:2399673",0.441228987636792,9.78594982825598e-12,0.527786257057221,0,"3L",2399673,3.94078550266482e-08,0
"3L:2402432",-0.558334354518916,8.7121406397328e-05,-0.572548356501922,2.03359201362829e-05,"3L",2402432,0.0406039567424083,0.00807134471840974
"3L:2498229",0.498712978199126,6.13082586653491e-06,1.12806103908865,0,"3L",2498229,0.00628697335280375,0
"3L:2571701",-0.900942885555127,1.57673873957265e-12,-0.557765468779519,1.05114118169602e-05,"3L",2571701,7.06381911713684e-09,0.00474770732491022
"3L:2712181",-0.185498607115041,0,-0.135547753758746,1.0528156521028e-05,"3L",2712181,0,0.00474842423823393
"3L:2715703",-0.647103522344871,3.78081109664308e-06,-0.691675694907671,5.72517060426492e-08,"3L",2715703,0.00428135345419755,5.86259923521273e-05
"2R:6176621",-0.695761875134416,2.19453277217063e-06,-0.610600087655345,1.95211451701205e-05,"2R",6176621,0.00272153576936025,0.00786199273918586
"2R:6381763",-0.57911318696598,1.00949215542379e-06,-0.562693833061962,5.15915860699323e-07,"2R",6381763,0.00144432536024798,0.000391333372165986
"2R:6545727",0.528601623140445,0,0.615136457938003,0,"2R",6545727,0,0
"2R:6548481",0.649378318440403,0,0.846557079257386,0,"2R",6548481,0,0
"2R:6595704",0.601751444462429,0.000123086051438959,0.69450948795926,9.24423061787749e-06,"2R",6595704,0.0496502256216095,0.0042805505423685
"2R:6780974",1.11817124077388,0,1.17800671333403,0,"2R",6780974,0,0
"2L:14992676",-0.893577140978633,3.29095195539253e-09,-0.584327647709142,7.9915522844809e-05,"2L",14992676,8.54697186406243e-06,0.0231503777880941
"2L:15048832",0.771045571753932,4.98862698039559e-07,1.12262348938791,1.40218947564108e-11,"2L",15048832,0.00078937368331755,3.61544468599983e-08
"2L:15070778",0.701847894587702,3.39949349736912e-06,0.709907288335534,1.76599002088551e-09,"2L",15070778,0.00395579080745889,2.85105167779459e-06
"2L:15091930",0.997337931086463,1.40540834525638e-08,0.677460066273782,2.00870743303216e-05,"2L",15091930,3.16792741542393e-05,0.00801250703461186
"2L:15142700",-0.563360383553264,1.56159156396996e-05,-0.605318757056389,2.00420091300835e-06,"2L",15142700,0.012821918875468,0.00121850485754633
"2L:15617796",-0.739670826172332,1.63141192222049e-06,-0.634327359412033,2.3354159185196e-05,"2L",15617796,0.00214455663431465,0.0090001781539925
"3L:20935593",0.604130449049349,2.6715423406376e-05,0.903364018465273,4.81841233579416e-10,"3L",20935593,0.0187968571555275,9.01789142959337e-07
"3R:19784242",0.763442803140055,8.27321559349059e-06,0.945895686244769,7.95394972108454e-08,"3R",19784242,0.00799227190978549,7.84238655009981e-05
"3R:19842856",-0.706954155524332,1.90250248888191e-08,-0.556022651111011,8.11984113502362e-06,"3R",19842856,4.18150917337558e-05,0.00385452085106512
"3R:19990102",0.6056119859825,2.72674228849468e-05,0.942422926793644,2.73675748729829e-10,"3R",19990102,0.0189576823726465,5.37456432100788e-07
"3R:20252032",-0.68704024497789,1.22721079964805e-08,-0.81779680988318,1.60398361259695e-11,"3R",20252032,2.81044211763617e-05,4.06268645038986e-08
"3R:20266236",-0.86933442327358,4.17194057078518e-10,-0.600833953584918,9.75460158381125e-06,"3R",20266236,1.31160505129848e-06,0.00445358450896857
"3R:20289309",0.625015701762275,1.47793254434703e-05,1.30344924336998,0,"3R",20289309,0.012376010298897,0
"3R:20646426",0.56625073630244,4.09462461730126e-05,0.840005245866543,1.27056172249951e-08,"3R",20646426,0.0247891825131368,1.51790409062136e-05
"3R:20646860",-0.192251751209312,2.37642776568237e-08,0.216872485674441,0,"3R",20646860,5.08486731858036e-05,0
"3R:20662927",-0.282396936872732,0,-0.200427349539748,2.68311506346208e-09,"3R",20662927,0,4.05752094268947e-06
"3R:20736475",0.594104912268168,5.69841241677693e-05,1.19936958810194,1.27409194305983e-12,"3R",20736475,0.0305066178785638,3.98809138454636e-09
"3R:20736809",0.708244419077839,2.65121258280487e-13,0.636539036372741,2.85790404896957e-07,"3R",20736809,1.28405211688668e-09,0.000236827074683646
"3R:20760616",0.605195705017027,0,0.720439836084284,0,"3R",20760616,0,0
"3L:14352137",0.693913624459562,1.88588552152424e-06,0.904146863611311,4.67513583402024e-10,"3L",14352137,0.00240964064079348,8.79567294286932e-07
"3L:14533708",-0.336156793989446,0,-0.131847565393365,0,"3L",14533708,0,0
"3L:14744261",-0.205982905294533,0,-0.517400114822479,0,"3L",14744261,0,0
"3L:14760377",-0.654800941079066,4.84815029078156e-06,-0.733715080506552,9.53025620642478e-08,"3L",14760377,0.00521442115761288,9.24400032413248e-05
"3L:14773981",0.412387199162159,1.06223189106913e-05,0.294004530117753,4.27776414291259e-09,"3L",14773981,0.00960442443017984,6.05990942871971e-06
"3L:15034131",0.561535395301003,2.7833134172095e-05,0.957286699642384,7.99715849097993e-12,"3L",15034131,0.0192204952542969,2.13895044694399e-08
"3L:15080395",-0.748269302042471,0,-0.388235049878412,5.99520433297585e-15,"3L",15080395,0,2.38743358416116e-11
"3L:15162913",0.802295149828306,2.2407528228463e-06,0.717204762150791,1.19732071166556e-05,"3L",15162913,0.00276450661906144,0.00529452855079586
"3R:31066868",0.591778330043067,9.44741432862273e-06,0.963241532710513,2.87583290514704e-11,"3R",31066868,0.00877193644170953,6.89433329066259e-08
"2R:12489294",0.618937863342276,2.0936618985834e-05,1.23331155415229,0,"2R",12489294,0.0157310600617429,0
"2R:12778439",1.02108339333659,0.000123384882931621,1.20057573258896,2.6080553818808e-06,"2R",12778439,0.0496868844045139,0.00151618971767908
"2R:12874410",0.470637808290185,4.56000959969671e-05,0.434078959616318,0.000106407724012048,"2R",12874410,0.0264394424801484,0.0284494192348775
"2R:12968231",-0.46002367126742,3.59045868592034e-06,-0.399661215142124,4.30626516716437e-05,"2R",12968231,0.00410470742813996,0.0146638659886885
"2R:13162257",0.906624050285558,0,1.23361034824623,0,"2R",13162257,0,0
"2R:13254021",0.767071674755424,2.66779113533566e-06,0.953403399269526,2.90595991714326e-09,"2R",13254021,0.00322475664280271,4.34450872202943e-06
"2R:13369711",-0.876463752507075,1.33577602312585e-08,-0.589456237769429,4.95630553529747e-05,"2R",13369711,3.0300261414705e-05,0.0163718648692066
"3R:20818119",-0.17964155237617,1.4194578845661e-10,0.207544663039114,0,"3R",20818119,4.77686230061331e-07,0
"3R:21085597",1.08553279579674,9.96425164601078e-12,0.954618030721423,4.17179846223803e-10,"3R",21085597,3.99017065509244e-08,7.97428707500695e-07
"3R:21277911",0.874632075584376,2.05127266283966e-08,0.922657818981396,3.74094843991202e-09,"3R",21277911,4.46917446365184e-05,5.40629650115777e-06
"3R:21439427",-0.758059013519454,2.25921587659883e-07,-0.780161484475556,6.38379449302562e-08,"3R",21439427,0.000387419310524802,6.44496203378062e-05
"3R:21505559",-0.51092497430039,0,-0.248222771359787,0,"3R",21505559,0,0
"3R:21523448",0.585659014390933,0,0.899582007874712,0,"3R",21523448,0,0
"3R:21524983",-0.648708292045834,1.48776459396593e-06,-0.511318142621461,0.000100230874453322,"3R",21524983,0.00200835051647563,0.0271784865003398
"3R:8502778",0.668621752750396,2.62674519957429e-06,0.895016519719251,3.58060914251723e-10,"3R",8502778,0.00318788539660631,6.9180360517083e-07
"3R:9265641",0.871480524025371,8.34824829265557e-08,0.837415449545036,2.10815550349963e-07,"3R",9265641,0.000160430279381244,0.000181893771714628
"3L:27093261",0.292349371492219,1.23925666928315e-06,0.250336607872506,2.27526017884117e-05,"3L",27093261,0.00172485999672266,0.00880622744046375
"3L:27109000",0.264447396594622,3.67039596271823e-07,0.195306803007141,0.000177694953249707,"3L",27109000,0.000600673707137971,0.0403186616705068
"3L:27229703",-18.2320081425936,0,-18.4517397910884,0,"3L",27229703,0,0
"2R:2138716",0.296353269469455,2.99373414445192e-05,0.25968837846293,0.000233420953424046,"2R",2138716,0.0202254252209762,0.0481487308423644
"2R:18045019",0.672588249930163,1.57887996352635e-05,1.06381004513072,1.00142116821189e-12,"2R",18045019,0.0128753799146255,3.20456115016869e-09
"2R:18212813",0.564965004272329,8.18642741560183e-05,0.726175942100853,3.42403853270667e-07,"2R",18212813,0.0389128364110453,0.000277328936989801
"2R:18220761",-0.502432824150327,1.04360964314765e-14,-0.362429216973995,9.20708478568955e-07,"2R",18220761,5.42074292055917e-11,0.000634583268811214
"2R:18234782",0.770493345648346,5.73097125311506e-13,0.913628582749493,0,"2R",18234782,2.65030799170751e-09,0
"2R:18278045",-0.906054682592507,1.36061961697465e-09,-0.878472537868326,8.81866579760526e-10,"2R",18278045,3.82469107178933e-06,1.53428303391283e-06
"2R:18537531",0.659798467372579,0,0.950004023106454,0,"2R",18537531,0,0
"2R:18695093",-0.482938719070924,8.01317169121241e-05,-0.510453272303205,2.49185507290584e-05,"2R",18695093,0.038394822912942,0.00948072819439557
"2R:18743146",0.849377649426511,2.3276744309797e-08,1.05364556814197,8.58335624798201e-12,"2R",18743146,4.99546112320222e-05,2.26197628993465e-08
"2R:18762304",0.703945392847133,0,0.461320470921731,0,"2R",18762304,0,0
"2R:18862697",-0.511713740640771,0,-0.954054793788819,0,"2R",18862697,0,0
"2R:18878056",-0.830209673891717,5.38983102593704e-09,-0.698229086303704,6.7061989406092e-07,"2R",18878056,1.33853179433623e-05,0.00048623249823823
"2R:18950119",-0.246648856408489,0,-0.162173843021388,0,"2R",18950119,0,0
"2R:19153168",-0.815391096286105,6.26355625144015e-08,-0.780092297171147,8.92286822207211e-08,"2R",19153168,0.0001233443931786,8.67834289034729e-05
"2L:10152591",0.709834432709238,1.85294634325039e-06,0.787106899693482,1.11275566982982e-07,"2L",10152591,0.00237602414611969,0.00010550616433876
"2L:10312959",0.635523523871476,1.57294069282887e-05,0.894474813530209,1.49040269015188e-09,"2L",10312959,0.0128636727185703,2.46726355544789e-06
"2L:10458050",-0.872870568445452,0,-0.497946339343737,8.93799737333723e-07,"2L",10458050,0,0.000620812338294597
"2L:10460768",-0.588820863675132,0.000100152276897303,-0.585638872200389,9.26461131698364e-05,"2L",10460768,0.0438690176421192,0.0258359554431032
"2L:10462758",-0.175455608454659,0,0.0482927024323698,0.000171474558643636,"2L",10462758,0,0.0392781178003884
"2L:10733577",0.653092580661569,3.03182630383425e-05,1.36262934173441,0,"2L",10733577,0.0203711031969895,0
"2L:10777098",-0.824902980709884,2.95385467197207e-08,-0.805606459387507,1.30738819770215e-08,"2L",10777098,6.26429553382721e-05,1.55560774926195e-05
"2L:10821806",0.763630484165222,6.79700910888315e-07,0.983312245109636,7.23235693556035e-10,"2L",10821806,0.00101502427505724,1.28004324653839e-06
"2L:1100348",0.794035583876767,1.38132103977284e-06,0.806857972881943,6.44471467303731e-07,"2L",1100348,0.00189318368120897,0.000469948200587707
"2L:1111140",-0.674793359320216,6.21802251954406e-06,-0.553036591372149,0.000161726815923746,"2L",1111140,0.00635819856786982,0.0377733029764056
"2L:425105",0.423031906914121,0,0.588640657266258,6.55919762948542e-13,"2L",425105,0,2.14687330520915e-09
"2L:801735",-0.783977864169298,3.23459399265147e-08,-0.637196131888616,4.32072439693343e-06,"2L",801735,6.74001941196091e-05,0.00230439598950526
"2L:996770",-17.643926304723,0,-17.2475306149918,0,"2L",996770,0,0
"3R:1954880",0.528998095479089,2.35014237166542e-05,0.566810290871782,4.42751801643659e-06,"3R",1954880,0.0171919971581045,0.00234738032302944
"2R:19204275",-0.2365176732726,0,0.0593785965412539,5.61149319819876e-05,"2R",19204275,0,0.0179889765605924
"2R:19460340",0.707914241050858,8.14350456579405e-06,0.749807919459753,2.1566350461022e-06,"2R",19460340,0.00788822770712821,0.00129906089995899
"2R:19500114",0.570900155887649,1.21128636254575e-06,0.765518851423983,2.44249065417534e-15,"2R",19500114,0.0017032212805314,1.0120142360606e-11
"2R:19600001",-0.717208157464544,4.54442995390103e-06,-0.895379390814877,3.56328877515466e-09,"2R",19600001,0.00494303645560868,5.18088455151559e-06
"2R:19643940",0.86916743897686,0,0.756226354050671,0,"2R",19643940,0,0
